NodeNumber,X,Y,Z
1,0.0,10.0,0.0
2,0.0,9.979453927503364,0.6407021998071292
3,0.0,9.917900138232461,1.27877161684506
4,0.0,9.815591569910653,1.9115862870137228
5,0.0,9.672948630390295,2.5365458390950737
6,0.0,9.490557470106687,3.1510821802362066
7,0.0,9.269167573460217,3.7526700487937408
8,0.0,9.009688679024192,4.3388373911755815
9,0.0,8.713187041233894,4.907175520039378
10,0.0,8.380881048918408,5.455349012105486
11,0.0,8.014136218679567,5.981105304912159
12,0.0,7.614459583691344,6.482283953077884
13,0.0,7.183493500977276,6.956825506034864
14,0.0,6.723008902613169,7.402779970753155
15,0.0,6.2348980185873355,7.818314824680298
16,0.0,5.721166601221697,8.20172254596956
17,0.0,5.183925683105252,8.55142763005346
18,0.0,4.625382902408354,8.86599306373
19,0.0,4.04783343122394,9.144126230158124
20,0.0,3.4536505442130783,9.384684220497604
21,0.0,2.8452758663103266,9.586678530366605
22,0.0,2.2252093395631443,9.749279121818237
23,0.0,1.5959989503337932,9.871817834144501
24,0.0,0.9602302590768188,9.953791129491982
25,0.0,0.3205157757165533,9.994862162006878
26,0.0,-0.3205157757165499,9.994862162006878
27,0.0,-0.9602302590768154,9.953791129491982
28,0.0,-1.5959989503337897,9.871817834144501
29,0.0,-2.2252093395631434,9.749279121818237
30,0.0,-2.8452758663103235,9.586678530366607
31,0.0,-3.453650544213075,9.384684220497604
32,0.0,-4.047833431223936,9.144126230158125
33,0.0,-4.625382902408351,8.86599306373
34,0.0,-5.183925683105251,8.551427630053462
35,0.0,-5.721166601221695,8.201722545969561
36,0.0,-6.234898018587335,7.818314824680299
37,0.0,-6.723008902613166,7.402779970753157
38,0.0,-7.183493500977275,6.956825506034865
39,0.0,-7.6144595836913425,6.4822839530778875
40,0.0,-8.014136218679566,5.981105304912161
41,0.0,-8.380881048918404,5.45534901210549
42,0.0,-8.713187041233892,4.907175520039381
43,0.0,-9.00968867902419,4.338837391175582
44,0.0,-9.269167573460216,3.7526700487937448
45,0.0,-9.490557470106687,3.151082180236209
46,0.0,-9.672948630390293,2.536545839095078
47,0.0,-9.815591569910653,1.9115862870137255
48,0.0,-9.917900138232461,1.278771616845065
49,0.0,-9.979453927503364,0.6407021998071323
50,0.0,-10.0,1.2246467991473533e-15
51,2.6315789473684212,10.0,0.0
52,2.6315789473684212,9.979453927503364,0.6407021998071292
53,2.6315789473684212,9.917900138232461,1.27877161684506
54,2.6315789473684212,9.815591569910653,1.9115862870137228
55,2.6315789473684212,9.672948630390295,2.5365458390950737
56,2.6315789473684212,9.490557470106687,3.1510821802362066
57,2.6315789473684212,9.269167573460217,3.7526700487937408
58,2.6315789473684212,9.009688679024192,4.3388373911755815
59,2.6315789473684212,8.713187041233894,4.907175520039378
60,2.6315789473684212,8.380881048918408,5.455349012105486
61,2.6315789473684212,8.014136218679567,5.981105304912159
62,2.6315789473684212,7.614459583691344,6.482283953077884
63,2.6315789473684212,7.183493500977276,6.956825506034864
64,2.6315789473684212,6.723008902613169,7.402779970753155
65,2.6315789473684212,6.2348980185873355,7.818314824680298
66,2.6315789473684212,5.721166601221697,8.20172254596956
67,2.6315789473684212,5.183925683105252,8.55142763005346
68,2.6315789473684212,4.625382902408354,8.86599306373
69,2.6315789473684212,4.04783343122394,9.144126230158124
70,2.6315789473684212,3.4536505442130783,9.384684220497604
71,2.6315789473684212,2.8452758663103266,9.586678530366605
72,2.6315789473684212,2.2252093395631443,9.749279121818237
73,2.6315789473684212,1.5959989503337932,9.871817834144501
74,2.6315789473684212,0.9602302590768188,9.953791129491982
75,2.6315789473684212,0.3205157757165533,9.994862162006878
76,2.6315789473684212,-0.3205157757165499,9.994862162006878
77,2.6315789473684212,-0.9602302590768154,9.953791129491982
78,2.6315789473684212,-1.5959989503337897,9.871817834144501
79,2.6315789473684212,-2.2252093395631434,9.749279121818237
80,2.6315789473684212,-2.8452758663103235,9.586678530366607
81,2.6315789473684212,-3.453650544213075,9.384684220497604
82,2.6315789473684212,-4.047833431223936,9.144126230158125
83,2.6315789473684212,-4.625382902408351,8.86599306373
84,2.6315789473684212,-5.183925683105251,8.551427630053462
85,2.6315789473684212,-5.721166601221695,8.201722545969561
86,2.6315789473684212,-6.234898018587335,7.818314824680299
87,2.6315789473684212,-6.723008902613166,7.402779970753157
88,2.6315789473684212,-7.183493500977275,6.956825506034865
89,2.6315789473684212,-7.6144595836913425,6.4822839530778875
90,2.6315789473684212,-8.014136218679566,5.981105304912161
91,2.6315789473684212,-8.380881048918404,5.45534901210549
92,2.6315789473684212,-8.713187041233892,4.907175520039381
93,2.6315789473684212,-9.00968867902419,4.338837391175582
94,2.6315789473684212,-9.269167573460216,3.7526700487937448
95,2.6315789473684212,-9.490557470106687,3.151082180236209
96,2.6315789473684212,-9.672948630390293,2.536545839095078
97,2.6315789473684212,-9.815591569910653,1.9115862870137255
98,2.6315789473684212,-9.917900138232461,1.278771616845065
99,2.6315789473684212,-9.979453927503364,0.6407021998071323
100,2.6315789473684212,-10.0,1.2246467991473533e-15
101,5.2631578947368425,10.0,0.0
102,5.2631578947368425,9.979453927503364,0.6407021998071292
103,5.2631578947368425,9.917900138232461,1.27877161684506
104,5.2631578947368425,9.815591569910653,1.9115862870137228
105,5.2631578947368425,9.672948630390295,2.5365458390950737
106,5.2631578947368425,9.490557470106687,3.1510821802362066
107,5.2631578947368425,9.269167573460217,3.7526700487937408
108,5.2631578947368425,9.009688679024192,4.3388373911755815
109,5.2631578947368425,8.713187041233894,4.907175520039378
110,5.2631578947368425,8.380881048918408,5.455349012105486
111,5.2631578947368425,8.014136218679567,5.981105304912159
112,5.2631578947368425,7.614459583691344,6.482283953077884
113,5.2631578947368425,7.183493500977276,6.956825506034864
114,5.2631578947368425,6.723008902613169,7.402779970753155
115,5.2631578947368425,6.2348980185873355,7.818314824680298
116,5.2631578947368425,5.721166601221697,8.20172254596956
117,5.2631578947368425,5.183925683105252,8.55142763005346
118,5.2631578947368425,4.625382902408354,8.86599306373
119,5.2631578947368425,4.04783343122394,9.144126230158124
120,5.2631578947368425,3.4536505442130783,9.384684220497604
121,5.2631578947368425,2.8452758663103266,9.586678530366605
122,5.2631578947368425,2.2252093395631443,9.749279121818237
123,5.2631578947368425,1.5959989503337932,9.871817834144501
124,5.2631578947368425,0.9602302590768188,9.953791129491982
125,5.2631578947368425,0.3205157757165533,9.994862162006878
126,5.2631578947368425,-0.3205157757165499,9.994862162006878
127,5.2631578947368425,-0.9602302590768154,9.953791129491982
128,5.2631578947368425,-1.5959989503337897,9.871817834144501
129,5.2631578947368425,-2.2252093395631434,9.749279121818237
130,5.2631578947368425,-2.8452758663103235,9.586678530366607
131,5.2631578947368425,-3.453650544213075,9.384684220497604
132,5.2631578947368425,-4.047833431223936,9.144126230158125
133,5.2631578947368425,-4.625382902408351,8.86599306373
134,5.2631578947368425,-5.183925683105251,8.551427630053462
135,5.2631578947368425,-5.721166601221695,8.201722545969561
136,5.2631578947368425,-6.234898018587335,7.818314824680299
137,5.2631578947368425,-6.723008902613166,7.402779970753157
138,5.2631578947368425,-7.183493500977275,6.956825506034865
139,5.2631578947368425,-7.6144595836913425,6.4822839530778875
140,5.2631578947368425,-8.014136218679566,5.981105304912161
141,5.2631578947368425,-8.380881048918404,5.45534901210549
142,5.2631578947368425,-8.713187041233892,4.907175520039381
143,5.2631578947368425,-9.00968867902419,4.338837391175582
144,5.2631578947368425,-9.269167573460216,3.7526700487937448
145,5.2631578947368425,-9.490557470106687,3.151082180236209
146,5.2631578947368425,-9.672948630390293,2.536545839095078
147,5.2631578947368425,-9.815591569910653,1.9115862870137255
148,5.2631578947368425,-9.917900138232461,1.278771616845065
149,5.2631578947368425,-9.979453927503364,0.6407021998071323
150,5.2631578947368425,-10.0,1.2246467991473533e-15
151,7.894736842105264,10.0,0.0
152,7.894736842105264,9.979453927503364,0.6407021998071292
153,7.894736842105264,9.917900138232461,1.27877161684506
154,7.894736842105264,9.815591569910653,1.9115862870137228
155,7.894736842105264,9.672948630390295,2.5365458390950737
156,7.894736842105264,9.490557470106687,3.1510821802362066
157,7.894736842105264,9.269167573460217,3.7526700487937408
158,7.894736842105264,9.009688679024192,4.3388373911755815
159,7.894736842105264,8.713187041233894,4.907175520039378
160,7.894736842105264,8.380881048918408,5.455349012105486
161,7.894736842105264,8.014136218679567,5.981105304912159
162,7.894736842105264,7.614459583691344,6.482283953077884
163,7.894736842105264,7.183493500977276,6.956825506034864
164,7.894736842105264,6.723008902613169,7.402779970753155
165,7.894736842105264,6.2348980185873355,7.818314824680298
166,7.894736842105264,5.721166601221697,8.20172254596956
167,7.894736842105264,5.183925683105252,8.55142763005346
168,7.894736842105264,4.625382902408354,8.86599306373
169,7.894736842105264,4.04783343122394,9.144126230158124
170,7.894736842105264,3.4536505442130783,9.384684220497604
171,7.894736842105264,2.8452758663103266,9.586678530366605
172,7.894736842105264,2.2252093395631443,9.749279121818237
173,7.894736842105264,1.5959989503337932,9.871817834144501
174,7.894736842105264,0.9602302590768188,9.953791129491982
175,7.894736842105264,0.3205157757165533,9.994862162006878
176,7.894736842105264,-0.3205157757165499,9.994862162006878
177,7.894736842105264,-0.9602302590768154,9.953791129491982
178,7.894736842105264,-1.5959989503337897,9.871817834144501
179,7.894736842105264,-2.2252093395631434,9.749279121818237
180,7.894736842105264,-2.8452758663103235,9.586678530366607
181,7.894736842105264,-3.453650544213075,9.384684220497604
182,7.894736842105264,-4.047833431223936,9.144126230158125
183,7.894736842105264,-4.625382902408351,8.86599306373
184,7.894736842105264,-5.183925683105251,8.551427630053462
185,7.894736842105264,-5.721166601221695,8.201722545969561
186,7.894736842105264,-6.234898018587335,7.818314824680299
187,7.894736842105264,-6.723008902613166,7.402779970753157
188,7.894736842105264,-7.183493500977275,6.956825506034865
189,7.894736842105264,-7.6144595836913425,6.4822839530778875
190,7.894736842105264,-8.014136218679566,5.981105304912161
191,7.894736842105264,-8.380881048918404,5.45534901210549
192,7.894736842105264,-8.713187041233892,4.907175520039381
193,7.894736842105264,-9.00968867902419,4.338837391175582
194,7.894736842105264,-9.269167573460216,3.7526700487937448
195,7.894736842105264,-9.490557470106687,3.151082180236209
196,7.894736842105264,-9.672948630390293,2.536545839095078
197,7.894736842105264,-9.815591569910653,1.9115862870137255
198,7.894736842105264,-9.917900138232461,1.278771616845065
199,7.894736842105264,-9.979453927503364,0.6407021998071323
200,7.894736842105264,-10.0,1.2246467991473533e-15
201,10.526315789473685,10.0,0.0
202,10.526315789473685,9.979453927503364,0.6407021998071292
203,10.526315789473685,9.917900138232461,1.27877161684506
204,10.526315789473685,9.815591569910653,1.9115862870137228
205,10.526315789473685,9.672948630390295,2.5365458390950737
206,10.526315789473685,9.490557470106687,3.1510821802362066
207,10.526315789473685,9.269167573460217,3.7526700487937408
208,10.526315789473685,9.009688679024192,4.3388373911755815
209,10.526315789473685,8.713187041233894,4.907175520039378
210,10.526315789473685,8.380881048918408,5.455349012105486
211,10.526315789473685,8.014136218679567,5.981105304912159
212,10.526315789473685,7.614459583691344,6.482283953077884
213,10.526315789473685,7.183493500977276,6.956825506034864
214,10.526315789473685,6.723008902613169,7.402779970753155
215,10.526315789473685,6.2348980185873355,7.818314824680298
216,10.526315789473685,5.721166601221697,8.20172254596956
217,10.526315789473685,5.183925683105252,8.55142763005346
218,10.526315789473685,4.625382902408354,8.86599306373
219,10.526315789473685,4.04783343122394,9.144126230158124
220,10.526315789473685,3.4536505442130783,9.384684220497604
221,10.526315789473685,2.8452758663103266,9.586678530366605
222,10.526315789473685,2.2252093395631443,9.749279121818237
223,10.526315789473685,1.5959989503337932,9.871817834144501
224,10.526315789473685,0.9602302590768188,9.953791129491982
225,10.526315789473685,0.3205157757165533,9.994862162006878
226,10.526315789473685,-0.3205157757165499,9.994862162006878
227,10.526315789473685,-0.9602302590768154,9.953791129491982
228,10.526315789473685,-1.5959989503337897,9.871817834144501
229,10.526315789473685,-2.2252093395631434,9.749279121818237
230,10.526315789473685,-2.8452758663103235,9.586678530366607
231,10.526315789473685,-3.453650544213075,9.384684220497604
232,10.526315789473685,-4.047833431223936,9.144126230158125
233,10.526315789473685,-4.625382902408351,8.86599306373
234,10.526315789473685,-5.183925683105251,8.551427630053462
235,10.526315789473685,-5.721166601221695,8.201722545969561
236,10.526315789473685,-6.234898018587335,7.818314824680299
237,10.526315789473685,-6.723008902613166,7.402779970753157
238,10.526315789473685,-7.183493500977275,6.956825506034865
239,10.526315789473685,-7.6144595836913425,6.4822839530778875
240,10.526315789473685,-8.014136218679566,5.981105304912161
241,10.526315789473685,-8.380881048918404,5.45534901210549
242,10.526315789473685,-8.713187041233892,4.907175520039381
243,10.526315789473685,-9.00968867902419,4.338837391175582
244,10.526315789473685,-9.269167573460216,3.7526700487937448
245,10.526315789473685,-9.490557470106687,3.151082180236209
246,10.526315789473685,-9.672948630390293,2.536545839095078
247,10.526315789473685,-9.815591569910653,1.9115862870137255
248,10.526315789473685,-9.917900138232461,1.278771616845065
249,10.526315789473685,-9.979453927503364,0.6407021998071323
250,10.526315789473685,-10.0,1.2246467991473533e-15
251,13.157894736842106,10.0,0.0
252,13.157894736842106,9.979453927503364,0.6407021998071292
253,13.157894736842106,9.917900138232461,1.27877161684506
254,13.157894736842106,9.815591569910653,1.9115862870137228
255,13.157894736842106,9.672948630390295,2.5365458390950737
256,13.157894736842106,9.490557470106687,3.1510821802362066
257,13.157894736842106,9.269167573460217,3.7526700487937408
258,13.157894736842106,9.009688679024192,4.3388373911755815
259,13.157894736842106,8.713187041233894,4.907175520039378
260,13.157894736842106,8.380881048918408,5.455349012105486
261,13.157894736842106,8.014136218679567,5.981105304912159
262,13.157894736842106,7.614459583691344,6.482283953077884
263,13.157894736842106,7.183493500977276,6.956825506034864
264,13.157894736842106,6.723008902613169,7.402779970753155
265,13.157894736842106,6.2348980185873355,7.818314824680298
266,13.157894736842106,5.721166601221697,8.20172254596956
267,13.157894736842106,5.183925683105252,8.55142763005346
268,13.157894736842106,4.625382902408354,8.86599306373
269,13.157894736842106,4.04783343122394,9.144126230158124
270,13.157894736842106,3.4536505442130783,9.384684220497604
271,13.157894736842106,2.8452758663103266,9.586678530366605
272,13.157894736842106,2.2252093395631443,9.749279121818237
273,13.157894736842106,1.5959989503337932,9.871817834144501
274,13.157894736842106,0.9602302590768188,9.953791129491982
275,13.157894736842106,0.3205157757165533,9.994862162006878
276,13.157894736842106,-0.3205157757165499,9.994862162006878
277,13.157894736842106,-0.9602302590768154,9.953791129491982
278,13.157894736842106,-1.5959989503337897,9.871817834144501
279,13.157894736842106,-2.2252093395631434,9.749279121818237
280,13.157894736842106,-2.8452758663103235,9.586678530366607
281,13.157894736842106,-3.453650544213075,9.384684220497604
282,13.157894736842106,-4.047833431223936,9.144126230158125
283,13.157894736842106,-4.625382902408351,8.86599306373
284,13.157894736842106,-5.183925683105251,8.551427630053462
285,13.157894736842106,-5.721166601221695,8.201722545969561
286,13.157894736842106,-6.234898018587335,7.818314824680299
287,13.157894736842106,-6.723008902613166,7.402779970753157
288,13.157894736842106,-7.183493500977275,6.956825506034865
289,13.157894736842106,-7.6144595836913425,6.4822839530778875
290,13.157894736842106,-8.014136218679566,5.981105304912161
291,13.157894736842106,-8.380881048918404,5.45534901210549
292,13.157894736842106,-8.713187041233892,4.907175520039381
293,13.157894736842106,-9.00968867902419,4.338837391175582
294,13.157894736842106,-9.269167573460216,3.7526700487937448
295,13.157894736842106,-9.490557470106687,3.151082180236209
296,13.157894736842106,-9.672948630390293,2.536545839095078
297,13.157894736842106,-9.815591569910653,1.9115862870137255
298,13.157894736842106,-9.917900138232461,1.278771616845065
299,13.157894736842106,-9.979453927503364,0.6407021998071323
300,13.157894736842106,-10.0,1.2246467991473533e-15
301,15.789473684210527,10.0,0.0
302,15.789473684210527,9.979453927503364,0.6407021998071292
303,15.789473684210527,9.917900138232461,1.27877161684506
304,15.789473684210527,9.815591569910653,1.9115862870137228
305,15.789473684210527,9.672948630390295,2.5365458390950737
306,15.789473684210527,9.490557470106687,3.1510821802362066
307,15.789473684210527,9.269167573460217,3.7526700487937408
308,15.789473684210527,9.009688679024192,4.3388373911755815
309,15.789473684210527,8.713187041233894,4.907175520039378
310,15.789473684210527,8.380881048918408,5.455349012105486
311,15.789473684210527,8.014136218679567,5.981105304912159
312,15.789473684210527,7.614459583691344,6.482283953077884
313,15.789473684210527,7.183493500977276,6.956825506034864
314,15.789473684210527,6.723008902613169,7.402779970753155
315,15.789473684210527,6.2348980185873355,7.818314824680298
316,15.789473684210527,5.721166601221697,8.20172254596956
317,15.789473684210527,5.183925683105252,8.55142763005346
318,15.789473684210527,4.625382902408354,8.86599306373
319,15.789473684210527,4.04783343122394,9.144126230158124
320,15.789473684210527,3.4536505442130783,9.384684220497604
321,15.789473684210527,2.8452758663103266,9.586678530366605
322,15.789473684210527,2.2252093395631443,9.749279121818237
323,15.789473684210527,1.5959989503337932,9.871817834144501
324,15.789473684210527,0.9602302590768188,9.953791129491982
325,15.789473684210527,0.3205157757165533,9.994862162006878
326,15.789473684210527,-0.3205157757165499,9.994862162006878
327,15.789473684210527,-0.9602302590768154,9.953791129491982
328,15.789473684210527,-1.5959989503337897,9.871817834144501
329,15.789473684210527,-2.2252093395631434,9.749279121818237
330,15.789473684210527,-2.8452758663103235,9.586678530366607
331,15.789473684210527,-3.453650544213075,9.384684220497604
332,15.789473684210527,-4.047833431223936,9.144126230158125
333,15.789473684210527,-4.625382902408351,8.86599306373
334,15.789473684210527,-5.183925683105251,8.551427630053462
335,15.789473684210527,-5.721166601221695,8.201722545969561
336,15.789473684210527,-6.234898018587335,7.818314824680299
337,15.789473684210527,-6.723008902613166,7.402779970753157
338,15.789473684210527,-7.183493500977275,6.956825506034865
339,15.789473684210527,-7.6144595836913425,6.4822839530778875
340,15.789473684210527,-8.014136218679566,5.981105304912161
341,15.789473684210527,-8.380881048918404,5.45534901210549
342,15.789473684210527,-8.713187041233892,4.907175520039381
343,15.789473684210527,-9.00968867902419,4.338837391175582
344,15.789473684210527,-9.269167573460216,3.7526700487937448
345,15.789473684210527,-9.490557470106687,3.151082180236209
346,15.789473684210527,-9.672948630390293,2.536545839095078
347,15.789473684210527,-9.815591569910653,1.9115862870137255
348,15.789473684210527,-9.917900138232461,1.278771616845065
349,15.789473684210527,-9.979453927503364,0.6407021998071323
350,15.789473684210527,-10.0,1.2246467991473533e-15
351,18.42105263157895,10.0,0.0
352,18.42105263157895,9.979453927503364,0.6407021998071292
353,18.42105263157895,9.917900138232461,1.27877161684506
354,18.42105263157895,9.815591569910653,1.9115862870137228
355,18.42105263157895,9.672948630390295,2.5365458390950737
356,18.42105263157895,9.490557470106687,3.1510821802362066
357,18.42105263157895,9.269167573460217,3.7526700487937408
358,18.42105263157895,9.009688679024192,4.3388373911755815
359,18.42105263157895,8.713187041233894,4.907175520039378
360,18.42105263157895,8.380881048918408,5.455349012105486
361,18.42105263157895,8.014136218679567,5.981105304912159
362,18.42105263157895,7.614459583691344,6.482283953077884
363,18.42105263157895,7.183493500977276,6.956825506034864
364,18.42105263157895,6.723008902613169,7.402779970753155
365,18.42105263157895,6.2348980185873355,7.818314824680298
366,18.42105263157895,5.721166601221697,8.20172254596956
367,18.42105263157895,5.183925683105252,8.55142763005346
368,18.42105263157895,4.625382902408354,8.86599306373
369,18.42105263157895,4.04783343122394,9.144126230158124
370,18.42105263157895,3.4536505442130783,9.384684220497604
371,18.42105263157895,2.8452758663103266,9.586678530366605
372,18.42105263157895,2.2252093395631443,9.749279121818237
373,18.42105263157895,1.5959989503337932,9.871817834144501
374,18.42105263157895,0.9602302590768188,9.953791129491982
375,18.42105263157895,0.3205157757165533,9.994862162006878
376,18.42105263157895,-0.3205157757165499,9.994862162006878
377,18.42105263157895,-0.9602302590768154,9.953791129491982
378,18.42105263157895,-1.5959989503337897,9.871817834144501
379,18.42105263157895,-2.2252093395631434,9.749279121818237
380,18.42105263157895,-2.8452758663103235,9.586678530366607
381,18.42105263157895,-3.453650544213075,9.384684220497604
382,18.42105263157895,-4.047833431223936,9.144126230158125
383,18.42105263157895,-4.625382902408351,8.86599306373
384,18.42105263157895,-5.183925683105251,8.551427630053462
385,18.42105263157895,-5.721166601221695,8.201722545969561
386,18.42105263157895,-6.234898018587335,7.818314824680299
387,18.42105263157895,-6.723008902613166,7.402779970753157
388,18.42105263157895,-7.183493500977275,6.956825506034865
389,18.42105263157895,-7.6144595836913425,6.4822839530778875
390,18.42105263157895,-8.014136218679566,5.981105304912161
391,18.42105263157895,-8.380881048918404,5.45534901210549
392,18.42105263157895,-8.713187041233892,4.907175520039381
393,18.42105263157895,-9.00968867902419,4.338837391175582
394,18.42105263157895,-9.269167573460216,3.7526700487937448
395,18.42105263157895,-9.490557470106687,3.151082180236209
396,18.42105263157895,-9.672948630390293,2.536545839095078
397,18.42105263157895,-9.815591569910653,1.9115862870137255
398,18.42105263157895,-9.917900138232461,1.278771616845065
399,18.42105263157895,-9.979453927503364,0.6407021998071323
400,18.42105263157895,-10.0,1.2246467991473533e-15
401,21.05263157894737,10.0,0.0
402,21.05263157894737,9.979453927503364,0.6407021998071292
403,21.05263157894737,9.917900138232461,1.27877161684506
404,21.05263157894737,9.815591569910653,1.9115862870137228
405,21.05263157894737,9.672948630390295,2.5365458390950737
406,21.05263157894737,9.490557470106687,3.1510821802362066
407,21.05263157894737,9.269167573460217,3.7526700487937408
408,21.05263157894737,9.009688679024192,4.3388373911755815
409,21.05263157894737,8.713187041233894,4.907175520039378
410,21.05263157894737,8.380881048918408,5.455349012105486
411,21.05263157894737,8.014136218679567,5.981105304912159
412,21.05263157894737,7.614459583691344,6.482283953077884
413,21.05263157894737,7.183493500977276,6.956825506034864
414,21.05263157894737,6.723008902613169,7.402779970753155
415,21.05263157894737,6.2348980185873355,7.818314824680298
416,21.05263157894737,5.721166601221697,8.20172254596956
417,21.05263157894737,5.183925683105252,8.55142763005346
418,21.05263157894737,4.625382902408354,8.86599306373
419,21.05263157894737,4.04783343122394,9.144126230158124
420,21.05263157894737,3.4536505442130783,9.384684220497604
421,21.05263157894737,2.8452758663103266,9.586678530366605
422,21.05263157894737,2.2252093395631443,9.749279121818237
423,21.05263157894737,1.5959989503337932,9.871817834144501
424,21.05263157894737,0.9602302590768188,9.953791129491982
425,21.05263157894737,0.3205157757165533,9.994862162006878
426,21.05263157894737,-0.3205157757165499,9.994862162006878
427,21.05263157894737,-0.9602302590768154,9.953791129491982
428,21.05263157894737,-1.5959989503337897,9.871817834144501
429,21.05263157894737,-2.2252093395631434,9.749279121818237
430,21.05263157894737,-2.8452758663103235,9.586678530366607
431,21.05263157894737,-3.453650544213075,9.384684220497604
432,21.05263157894737,-4.047833431223936,9.144126230158125
433,21.05263157894737,-4.625382902408351,8.86599306373
434,21.05263157894737,-5.183925683105251,8.551427630053462
435,21.05263157894737,-5.721166601221695,8.201722545969561
436,21.05263157894737,-6.234898018587335,7.818314824680299
437,21.05263157894737,-6.723008902613166,7.402779970753157
438,21.05263157894737,-7.183493500977275,6.956825506034865
439,21.05263157894737,-7.6144595836913425,6.4822839530778875
440,21.05263157894737,-8.014136218679566,5.981105304912161
441,21.05263157894737,-8.380881048918404,5.45534901210549
442,21.05263157894737,-8.713187041233892,4.907175520039381
443,21.05263157894737,-9.00968867902419,4.338837391175582
444,21.05263157894737,-9.269167573460216,3.7526700487937448
445,21.05263157894737,-9.490557470106687,3.151082180236209
446,21.05263157894737,-9.672948630390293,2.536545839095078
447,21.05263157894737,-9.815591569910653,1.9115862870137255
448,21.05263157894737,-9.917900138232461,1.278771616845065
449,21.05263157894737,-9.979453927503364,0.6407021998071323
450,21.05263157894737,-10.0,1.2246467991473533e-15
451,23.68421052631579,10.0,0.0
452,23.68421052631579,9.979453927503364,0.6407021998071292
453,23.68421052631579,9.917900138232461,1.27877161684506
454,23.68421052631579,9.815591569910653,1.9115862870137228
455,23.68421052631579,9.672948630390295,2.5365458390950737
456,23.68421052631579,9.490557470106687,3.1510821802362066
457,23.68421052631579,9.269167573460217,3.7526700487937408
458,23.68421052631579,9.009688679024192,4.3388373911755815
459,23.68421052631579,8.713187041233894,4.907175520039378
460,23.68421052631579,8.380881048918408,5.455349012105486
461,23.68421052631579,8.014136218679567,5.981105304912159
462,23.68421052631579,7.614459583691344,6.482283953077884
463,23.68421052631579,7.183493500977276,6.956825506034864
464,23.68421052631579,6.723008902613169,7.402779970753155
465,23.68421052631579,6.2348980185873355,7.818314824680298
466,23.68421052631579,5.721166601221697,8.20172254596956
467,23.68421052631579,5.183925683105252,8.55142763005346
468,23.68421052631579,4.625382902408354,8.86599306373
469,23.68421052631579,4.04783343122394,9.144126230158124
470,23.68421052631579,3.4536505442130783,9.384684220497604
471,23.68421052631579,2.8452758663103266,9.586678530366605
472,23.68421052631579,2.2252093395631443,9.749279121818237
473,23.68421052631579,1.5959989503337932,9.871817834144501
474,23.68421052631579,0.9602302590768188,9.953791129491982
475,23.68421052631579,0.3205157757165533,9.994862162006878
476,23.68421052631579,-0.3205157757165499,9.994862162006878
477,23.68421052631579,-0.9602302590768154,9.953791129491982
478,23.68421052631579,-1.5959989503337897,9.871817834144501
479,23.68421052631579,-2.2252093395631434,9.749279121818237
480,23.68421052631579,-2.8452758663103235,9.586678530366607
481,23.68421052631579,-3.453650544213075,9.384684220497604
482,23.68421052631579,-4.047833431223936,9.144126230158125
483,23.68421052631579,-4.625382902408351,8.86599306373
484,23.68421052631579,-5.183925683105251,8.551427630053462
485,23.68421052631579,-5.721166601221695,8.201722545969561
486,23.68421052631579,-6.234898018587335,7.818314824680299
487,23.68421052631579,-6.723008902613166,7.402779970753157
488,23.68421052631579,-7.183493500977275,6.956825506034865
489,23.68421052631579,-7.6144595836913425,6.4822839530778875
490,23.68421052631579,-8.014136218679566,5.981105304912161
491,23.68421052631579,-8.380881048918404,5.45534901210549
492,23.68421052631579,-8.713187041233892,4.907175520039381
493,23.68421052631579,-9.00968867902419,4.338837391175582
494,23.68421052631579,-9.269167573460216,3.7526700487937448
495,23.68421052631579,-9.490557470106687,3.151082180236209
496,23.68421052631579,-9.672948630390293,2.536545839095078
497,23.68421052631579,-9.815591569910653,1.9115862870137255
498,23.68421052631579,-9.917900138232461,1.278771616845065
499,23.68421052631579,-9.979453927503364,0.6407021998071323
500,23.68421052631579,-10.0,1.2246467991473533e-15
501,26.315789473684212,10.0,0.0
502,26.315789473684212,9.979453927503364,0.6407021998071292
503,26.315789473684212,9.917900138232461,1.27877161684506
504,26.315789473684212,9.815591569910653,1.9115862870137228
505,26.315789473684212,9.672948630390295,2.5365458390950737
506,26.315789473684212,9.490557470106687,3.1510821802362066
507,26.315789473684212,9.269167573460217,3.7526700487937408
508,26.315789473684212,9.009688679024192,4.3388373911755815
509,26.315789473684212,8.713187041233894,4.907175520039378
510,26.315789473684212,8.380881048918408,5.455349012105486
511,26.315789473684212,8.014136218679567,5.981105304912159
512,26.315789473684212,7.614459583691344,6.482283953077884
513,26.315789473684212,7.183493500977276,6.956825506034864
514,26.315789473684212,6.723008902613169,7.402779970753155
515,26.315789473684212,6.2348980185873355,7.818314824680298
516,26.315789473684212,5.721166601221697,8.20172254596956
517,26.315789473684212,5.183925683105252,8.55142763005346
518,26.315789473684212,4.625382902408354,8.86599306373
519,26.315789473684212,4.04783343122394,9.144126230158124
520,26.315789473684212,3.4536505442130783,9.384684220497604
521,26.315789473684212,2.8452758663103266,9.586678530366605
522,26.315789473684212,2.2252093395631443,9.749279121818237
523,26.315789473684212,1.5959989503337932,9.871817834144501
524,26.315789473684212,0.9602302590768188,9.953791129491982
525,26.315789473684212,0.3205157757165533,9.994862162006878
526,26.315789473684212,-0.3205157757165499,9.994862162006878
527,26.315789473684212,-0.9602302590768154,9.953791129491982
528,26.315789473684212,-1.5959989503337897,9.871817834144501
529,26.315789473684212,-2.2252093395631434,9.749279121818237
530,26.315789473684212,-2.8452758663103235,9.586678530366607
531,26.315789473684212,-3.453650544213075,9.384684220497604
532,26.315789473684212,-4.047833431223936,9.144126230158125
533,26.315789473684212,-4.625382902408351,8.86599306373
534,26.315789473684212,-5.183925683105251,8.551427630053462
535,26.315789473684212,-5.721166601221695,8.201722545969561
536,26.315789473684212,-6.234898018587335,7.818314824680299
537,26.315789473684212,-6.723008902613166,7.402779970753157
538,26.315789473684212,-7.183493500977275,6.956825506034865
539,26.315789473684212,-7.6144595836913425,6.4822839530778875
540,26.315789473684212,-8.014136218679566,5.981105304912161
541,26.315789473684212,-8.380881048918404,5.45534901210549
542,26.315789473684212,-8.713187041233892,4.907175520039381
543,26.315789473684212,-9.00968867902419,4.338837391175582
544,26.315789473684212,-9.269167573460216,3.7526700487937448
545,26.315789473684212,-9.490557470106687,3.151082180236209
546,26.315789473684212,-9.672948630390293,2.536545839095078
547,26.315789473684212,-9.815591569910653,1.9115862870137255
548,26.315789473684212,-9.917900138232461,1.278771616845065
549,26.315789473684212,-9.979453927503364,0.6407021998071323
550,26.315789473684212,-10.0,1.2246467991473533e-15
551,28.947368421052634,10.0,0.0
552,28.947368421052634,9.979453927503364,0.6407021998071292
553,28.947368421052634,9.917900138232461,1.27877161684506
554,28.947368421052634,9.815591569910653,1.9115862870137228
555,28.947368421052634,9.672948630390295,2.5365458390950737
556,28.947368421052634,9.490557470106687,3.1510821802362066
557,28.947368421052634,9.269167573460217,3.7526700487937408
558,28.947368421052634,9.009688679024192,4.3388373911755815
559,28.947368421052634,8.713187041233894,4.907175520039378
560,28.947368421052634,8.380881048918408,5.455349012105486
561,28.947368421052634,8.014136218679567,5.981105304912159
562,28.947368421052634,7.614459583691344,6.482283953077884
563,28.947368421052634,7.183493500977276,6.956825506034864
564,28.947368421052634,6.723008902613169,7.402779970753155
565,28.947368421052634,6.2348980185873355,7.818314824680298
566,28.947368421052634,5.721166601221697,8.20172254596956
567,28.947368421052634,5.183925683105252,8.55142763005346
568,28.947368421052634,4.625382902408354,8.86599306373
569,28.947368421052634,4.04783343122394,9.144126230158124
570,28.947368421052634,3.4536505442130783,9.384684220497604
571,28.947368421052634,2.8452758663103266,9.586678530366605
572,28.947368421052634,2.2252093395631443,9.749279121818237
573,28.947368421052634,1.5959989503337932,9.871817834144501
574,28.947368421052634,0.9602302590768188,9.953791129491982
575,28.947368421052634,0.3205157757165533,9.994862162006878
576,28.947368421052634,-0.3205157757165499,9.994862162006878
577,28.947368421052634,-0.9602302590768154,9.953791129491982
578,28.947368421052634,-1.5959989503337897,9.871817834144501
579,28.947368421052634,-2.2252093395631434,9.749279121818237
580,28.947368421052634,-2.8452758663103235,9.586678530366607
581,28.947368421052634,-3.453650544213075,9.384684220497604
582,28.947368421052634,-4.047833431223936,9.144126230158125
583,28.947368421052634,-4.625382902408351,8.86599306373
584,28.947368421052634,-5.183925683105251,8.551427630053462
585,28.947368421052634,-5.721166601221695,8.201722545969561
586,28.947368421052634,-6.234898018587335,7.818314824680299
587,28.947368421052634,-6.723008902613166,7.402779970753157
588,28.947368421052634,-7.183493500977275,6.956825506034865
589,28.947368421052634,-7.6144595836913425,6.4822839530778875
590,28.947368421052634,-8.014136218679566,5.981105304912161
591,28.947368421052634,-8.380881048918404,5.45534901210549
592,28.947368421052634,-8.713187041233892,4.907175520039381
593,28.947368421052634,-9.00968867902419,4.338837391175582
594,28.947368421052634,-9.269167573460216,3.7526700487937448
595,28.947368421052634,-9.490557470106687,3.151082180236209
596,28.947368421052634,-9.672948630390293,2.536545839095078
597,28.947368421052634,-9.815591569910653,1.9115862870137255
598,28.947368421052634,-9.917900138232461,1.278771616845065
599,28.947368421052634,-9.979453927503364,0.6407021998071323
600,28.947368421052634,-10.0,1.2246467991473533e-15
601,31.578947368421055,10.0,0.0
602,31.578947368421055,9.979453927503364,0.6407021998071292
603,31.578947368421055,9.917900138232461,1.27877161684506
604,31.578947368421055,9.815591569910653,1.9115862870137228
605,31.578947368421055,9.672948630390295,2.5365458390950737
606,31.578947368421055,9.490557470106687,3.1510821802362066
607,31.578947368421055,9.269167573460217,3.7526700487937408
608,31.578947368421055,9.009688679024192,4.3388373911755815
609,31.578947368421055,8.713187041233894,4.907175520039378
610,31.578947368421055,8.380881048918408,5.455349012105486
611,31.578947368421055,8.014136218679567,5.981105304912159
612,31.578947368421055,7.614459583691344,6.482283953077884
613,31.578947368421055,7.183493500977276,6.956825506034864
614,31.578947368421055,6.723008902613169,7.402779970753155
615,31.578947368421055,6.2348980185873355,7.818314824680298
616,31.578947368421055,5.721166601221697,8.20172254596956
617,31.578947368421055,5.183925683105252,8.55142763005346
618,31.578947368421055,4.625382902408354,8.86599306373
619,31.578947368421055,4.04783343122394,9.144126230158124
620,31.578947368421055,3.4536505442130783,9.384684220497604
621,31.578947368421055,2.8452758663103266,9.586678530366605
622,31.578947368421055,2.2252093395631443,9.749279121818237
623,31.578947368421055,1.5959989503337932,9.871817834144501
624,31.578947368421055,0.9602302590768188,9.953791129491982
625,31.578947368421055,0.3205157757165533,9.994862162006878
626,31.578947368421055,-0.3205157757165499,9.994862162006878
627,31.578947368421055,-0.9602302590768154,9.953791129491982
628,31.578947368421055,-1.5959989503337897,9.871817834144501
629,31.578947368421055,-2.2252093395631434,9.749279121818237
630,31.578947368421055,-2.8452758663103235,9.586678530366607
631,31.578947368421055,-3.453650544213075,9.384684220497604
632,31.578947368421055,-4.047833431223936,9.144126230158125
633,31.578947368421055,-4.625382902408351,8.86599306373
634,31.578947368421055,-5.183925683105251,8.551427630053462
635,31.578947368421055,-5.721166601221695,8.201722545969561
636,31.578947368421055,-6.234898018587335,7.818314824680299
637,31.578947368421055,-6.723008902613166,7.402779970753157
638,31.578947368421055,-7.183493500977275,6.956825506034865
639,31.578947368421055,-7.6144595836913425,6.4822839530778875
640,31.578947368421055,-8.014136218679566,5.981105304912161
641,31.578947368421055,-8.380881048918404,5.45534901210549
642,31.578947368421055,-8.713187041233892,4.907175520039381
643,31.578947368421055,-9.00968867902419,4.338837391175582
644,31.578947368421055,-9.269167573460216,3.7526700487937448
645,31.578947368421055,-9.490557470106687,3.151082180236209
646,31.578947368421055,-9.672948630390293,2.536545839095078
647,31.578947368421055,-9.815591569910653,1.9115862870137255
648,31.578947368421055,-9.917900138232461,1.278771616845065
649,31.578947368421055,-9.979453927503364,0.6407021998071323
650,31.578947368421055,-10.0,1.2246467991473533e-15
651,34.21052631578948,10.0,0.0
652,34.21052631578948,9.979453927503364,0.6407021998071292
653,34.21052631578948,9.917900138232461,1.27877161684506
654,34.21052631578948,9.815591569910653,1.9115862870137228
655,34.21052631578948,9.672948630390295,2.5365458390950737
656,34.21052631578948,9.490557470106687,3.1510821802362066
657,34.21052631578948,9.269167573460217,3.7526700487937408
658,34.21052631578948,9.009688679024192,4.3388373911755815
659,34.21052631578948,8.713187041233894,4.907175520039378
660,34.21052631578948,8.380881048918408,5.455349012105486
661,34.21052631578948,8.014136218679567,5.981105304912159
662,34.21052631578948,7.614459583691344,6.482283953077884
663,34.21052631578948,7.183493500977276,6.956825506034864
664,34.21052631578948,6.723008902613169,7.402779970753155
665,34.21052631578948,6.2348980185873355,7.818314824680298
666,34.21052631578948,5.721166601221697,8.20172254596956
667,34.21052631578948,5.183925683105252,8.55142763005346
668,34.21052631578948,4.625382902408354,8.86599306373
669,34.21052631578948,4.04783343122394,9.144126230158124
670,34.21052631578948,3.4536505442130783,9.384684220497604
671,34.21052631578948,2.8452758663103266,9.586678530366605
672,34.21052631578948,2.2252093395631443,9.749279121818237
673,34.21052631578948,1.5959989503337932,9.871817834144501
674,34.21052631578948,0.9602302590768188,9.953791129491982
675,34.21052631578948,0.3205157757165533,9.994862162006878
676,34.21052631578948,-0.3205157757165499,9.994862162006878
677,34.21052631578948,-0.9602302590768154,9.953791129491982
678,34.21052631578948,-1.5959989503337897,9.871817834144501
679,34.21052631578948,-2.2252093395631434,9.749279121818237
680,34.21052631578948,-2.8452758663103235,9.586678530366607
681,34.21052631578948,-3.453650544213075,9.384684220497604
682,34.21052631578948,-4.047833431223936,9.144126230158125
683,34.21052631578948,-4.625382902408351,8.86599306373
684,34.21052631578948,-5.183925683105251,8.551427630053462
685,34.21052631578948,-5.721166601221695,8.201722545969561
686,34.21052631578948,-6.234898018587335,7.818314824680299
687,34.21052631578948,-6.723008902613166,7.402779970753157
688,34.21052631578948,-7.183493500977275,6.956825506034865
689,34.21052631578948,-7.6144595836913425,6.4822839530778875
690,34.21052631578948,-8.014136218679566,5.981105304912161
691,34.21052631578948,-8.380881048918404,5.45534901210549
692,34.21052631578948,-8.713187041233892,4.907175520039381
693,34.21052631578948,-9.00968867902419,4.338837391175582
694,34.21052631578948,-9.269167573460216,3.7526700487937448
695,34.21052631578948,-9.490557470106687,3.151082180236209
696,34.21052631578948,-9.672948630390293,2.536545839095078
697,34.21052631578948,-9.815591569910653,1.9115862870137255
698,34.21052631578948,-9.917900138232461,1.278771616845065
699,34.21052631578948,-9.979453927503364,0.6407021998071323
700,34.21052631578948,-10.0,1.2246467991473533e-15
701,36.8421052631579,10.0,0.0
702,36.8421052631579,9.979453927503364,0.6407021998071292
703,36.8421052631579,9.917900138232461,1.27877161684506
704,36.8421052631579,9.815591569910653,1.9115862870137228
705,36.8421052631579,9.672948630390295,2.5365458390950737
706,36.8421052631579,9.490557470106687,3.1510821802362066
707,36.8421052631579,9.269167573460217,3.7526700487937408
708,36.8421052631579,9.009688679024192,4.3388373911755815
709,36.8421052631579,8.713187041233894,4.907175520039378
710,36.8421052631579,8.380881048918408,5.455349012105486
711,36.8421052631579,8.014136218679567,5.981105304912159
712,36.8421052631579,7.614459583691344,6.482283953077884
713,36.8421052631579,7.183493500977276,6.956825506034864
714,36.8421052631579,6.723008902613169,7.402779970753155
715,36.8421052631579,6.2348980185873355,7.818314824680298
716,36.8421052631579,5.721166601221697,8.20172254596956
717,36.8421052631579,5.183925683105252,8.55142763005346
718,36.8421052631579,4.625382902408354,8.86599306373
719,36.8421052631579,4.04783343122394,9.144126230158124
720,36.8421052631579,3.4536505442130783,9.384684220497604
721,36.8421052631579,2.8452758663103266,9.586678530366605
722,36.8421052631579,2.2252093395631443,9.749279121818237
723,36.8421052631579,1.5959989503337932,9.871817834144501
724,36.8421052631579,0.9602302590768188,9.953791129491982
725,36.8421052631579,0.3205157757165533,9.994862162006878
726,36.8421052631579,-0.3205157757165499,9.994862162006878
727,36.8421052631579,-0.9602302590768154,9.953791129491982
728,36.8421052631579,-1.5959989503337897,9.871817834144501
729,36.8421052631579,-2.2252093395631434,9.749279121818237
730,36.8421052631579,-2.8452758663103235,9.586678530366607
731,36.8421052631579,-3.453650544213075,9.384684220497604
732,36.8421052631579,-4.047833431223936,9.144126230158125
733,36.8421052631579,-4.625382902408351,8.86599306373
734,36.8421052631579,-5.183925683105251,8.551427630053462
735,36.8421052631579,-5.721166601221695,8.201722545969561
736,36.8421052631579,-6.234898018587335,7.818314824680299
737,36.8421052631579,-6.723008902613166,7.402779970753157
738,36.8421052631579,-7.183493500977275,6.956825506034865
739,36.8421052631579,-7.6144595836913425,6.4822839530778875
740,36.8421052631579,-8.014136218679566,5.981105304912161
741,36.8421052631579,-8.380881048918404,5.45534901210549
742,36.8421052631579,-8.713187041233892,4.907175520039381
743,36.8421052631579,-9.00968867902419,4.338837391175582
744,36.8421052631579,-9.269167573460216,3.7526700487937448
745,36.8421052631579,-9.490557470106687,3.151082180236209
746,36.8421052631579,-9.672948630390293,2.536545839095078
747,36.8421052631579,-9.815591569910653,1.9115862870137255
748,36.8421052631579,-9.917900138232461,1.278771616845065
749,36.8421052631579,-9.979453927503364,0.6407021998071323
750,36.8421052631579,-10.0,1.2246467991473533e-15
751,39.473684210526315,10.0,0.0
752,39.473684210526315,9.979453927503364,0.6407021998071292
753,39.473684210526315,9.917900138232461,1.27877161684506
754,39.473684210526315,9.815591569910653,1.9115862870137228
755,39.473684210526315,9.672948630390295,2.5365458390950737
756,39.473684210526315,9.490557470106687,3.1510821802362066
757,39.473684210526315,9.269167573460217,3.7526700487937408
758,39.473684210526315,9.009688679024192,4.3388373911755815
759,39.473684210526315,8.713187041233894,4.907175520039378
760,39.473684210526315,8.380881048918408,5.455349012105486
761,39.473684210526315,8.014136218679567,5.981105304912159
762,39.473684210526315,7.614459583691344,6.482283953077884
763,39.473684210526315,7.183493500977276,6.956825506034864
764,39.473684210526315,6.723008902613169,7.402779970753155
765,39.473684210526315,6.2348980185873355,7.818314824680298
766,39.473684210526315,5.721166601221697,8.20172254596956
767,39.473684210526315,5.183925683105252,8.55142763005346
768,39.473684210526315,4.625382902408354,8.86599306373
769,39.473684210526315,4.04783343122394,9.144126230158124
770,39.473684210526315,3.4536505442130783,9.384684220497604
771,39.473684210526315,2.8452758663103266,9.586678530366605
772,39.473684210526315,2.2252093395631443,9.749279121818237
773,39.473684210526315,1.5959989503337932,9.871817834144501
774,39.473684210526315,0.9602302590768188,9.953791129491982
775,39.473684210526315,0.3205157757165533,9.994862162006878
776,39.473684210526315,-0.3205157757165499,9.994862162006878
777,39.473684210526315,-0.9602302590768154,9.953791129491982
778,39.473684210526315,-1.5959989503337897,9.871817834144501
779,39.473684210526315,-2.2252093395631434,9.749279121818237
780,39.473684210526315,-2.8452758663103235,9.586678530366607
781,39.473684210526315,-3.453650544213075,9.384684220497604
782,39.473684210526315,-4.047833431223936,9.144126230158125
783,39.473684210526315,-4.625382902408351,8.86599306373
784,39.473684210526315,-5.183925683105251,8.551427630053462
785,39.473684210526315,-5.721166601221695,8.201722545969561
786,39.473684210526315,-6.234898018587335,7.818314824680299
787,39.473684210526315,-6.723008902613166,7.402779970753157
788,39.473684210526315,-7.183493500977275,6.956825506034865
789,39.473684210526315,-7.6144595836913425,6.4822839530778875
790,39.473684210526315,-8.014136218679566,5.981105304912161
791,39.473684210526315,-8.380881048918404,5.45534901210549
792,39.473684210526315,-8.713187041233892,4.907175520039381
793,39.473684210526315,-9.00968867902419,4.338837391175582
794,39.473684210526315,-9.269167573460216,3.7526700487937448
795,39.473684210526315,-9.490557470106687,3.151082180236209
796,39.473684210526315,-9.672948630390293,2.536545839095078
797,39.473684210526315,-9.815591569910653,1.9115862870137255
798,39.473684210526315,-9.917900138232461,1.278771616845065
799,39.473684210526315,-9.979453927503364,0.6407021998071323
800,39.473684210526315,-10.0,1.2246467991473533e-15
801,42.10526315789474,10.0,0.0
802,42.10526315789474,9.979453927503364,0.6407021998071292
803,42.10526315789474,9.917900138232461,1.27877161684506
804,42.10526315789474,9.815591569910653,1.9115862870137228
805,42.10526315789474,9.672948630390295,2.5365458390950737
806,42.10526315789474,9.490557470106687,3.1510821802362066
807,42.10526315789474,9.269167573460217,3.7526700487937408
808,42.10526315789474,9.009688679024192,4.3388373911755815
809,42.10526315789474,8.713187041233894,4.907175520039378
810,42.10526315789474,8.380881048918408,5.455349012105486
811,42.10526315789474,8.014136218679567,5.981105304912159
812,42.10526315789474,7.614459583691344,6.482283953077884
813,42.10526315789474,7.183493500977276,6.956825506034864
814,42.10526315789474,6.723008902613169,7.402779970753155
815,42.10526315789474,6.2348980185873355,7.818314824680298
816,42.10526315789474,5.721166601221697,8.20172254596956
817,42.10526315789474,5.183925683105252,8.55142763005346
818,42.10526315789474,4.625382902408354,8.86599306373
819,42.10526315789474,4.04783343122394,9.144126230158124
820,42.10526315789474,3.4536505442130783,9.384684220497604
821,42.10526315789474,2.8452758663103266,9.586678530366605
822,42.10526315789474,2.2252093395631443,9.749279121818237
823,42.10526315789474,1.5959989503337932,9.871817834144501
824,42.10526315789474,0.9602302590768188,9.953791129491982
825,42.10526315789474,0.3205157757165533,9.994862162006878
826,42.10526315789474,-0.3205157757165499,9.994862162006878
827,42.10526315789474,-0.9602302590768154,9.953791129491982
828,42.10526315789474,-1.5959989503337897,9.871817834144501
829,42.10526315789474,-2.2252093395631434,9.749279121818237
830,42.10526315789474,-2.8452758663103235,9.586678530366607
831,42.10526315789474,-3.453650544213075,9.384684220497604
832,42.10526315789474,-4.047833431223936,9.144126230158125
833,42.10526315789474,-4.625382902408351,8.86599306373
834,42.10526315789474,-5.183925683105251,8.551427630053462
835,42.10526315789474,-5.721166601221695,8.201722545969561
836,42.10526315789474,-6.234898018587335,7.818314824680299
837,42.10526315789474,-6.723008902613166,7.402779970753157
838,42.10526315789474,-7.183493500977275,6.956825506034865
839,42.10526315789474,-7.6144595836913425,6.4822839530778875
840,42.10526315789474,-8.014136218679566,5.981105304912161
841,42.10526315789474,-8.380881048918404,5.45534901210549
842,42.10526315789474,-8.713187041233892,4.907175520039381
843,42.10526315789474,-9.00968867902419,4.338837391175582
844,42.10526315789474,-9.269167573460216,3.7526700487937448
845,42.10526315789474,-9.490557470106687,3.151082180236209
846,42.10526315789474,-9.672948630390293,2.536545839095078
847,42.10526315789474,-9.815591569910653,1.9115862870137255
848,42.10526315789474,-9.917900138232461,1.278771616845065
849,42.10526315789474,-9.979453927503364,0.6407021998071323
850,42.10526315789474,-10.0,1.2246467991473533e-15
851,44.736842105263165,10.0,0.0
852,44.736842105263165,9.979453927503364,0.6407021998071292
853,44.736842105263165,9.917900138232461,1.27877161684506
854,44.736842105263165,9.815591569910653,1.9115862870137228
855,44.736842105263165,9.672948630390295,2.5365458390950737
856,44.736842105263165,9.490557470106687,3.1510821802362066
857,44.736842105263165,9.269167573460217,3.7526700487937408
858,44.736842105263165,9.009688679024192,4.3388373911755815
859,44.736842105263165,8.713187041233894,4.907175520039378
860,44.736842105263165,8.380881048918408,5.455349012105486
861,44.736842105263165,8.014136218679567,5.981105304912159
862,44.736842105263165,7.614459583691344,6.482283953077884
863,44.736842105263165,7.183493500977276,6.956825506034864
864,44.736842105263165,6.723008902613169,7.402779970753155
865,44.736842105263165,6.2348980185873355,7.818314824680298
866,44.736842105263165,5.721166601221697,8.20172254596956
867,44.736842105263165,5.183925683105252,8.55142763005346
868,44.736842105263165,4.625382902408354,8.86599306373
869,44.736842105263165,4.04783343122394,9.144126230158124
870,44.736842105263165,3.4536505442130783,9.384684220497604
871,44.736842105263165,2.8452758663103266,9.586678530366605
872,44.736842105263165,2.2252093395631443,9.749279121818237
873,44.736842105263165,1.5959989503337932,9.871817834144501
874,44.736842105263165,0.9602302590768188,9.953791129491982
875,44.736842105263165,0.3205157757165533,9.994862162006878
876,44.736842105263165,-0.3205157757165499,9.994862162006878
877,44.736842105263165,-0.9602302590768154,9.953791129491982
878,44.736842105263165,-1.5959989503337897,9.871817834144501
879,44.736842105263165,-2.2252093395631434,9.749279121818237
880,44.736842105263165,-2.8452758663103235,9.586678530366607
881,44.736842105263165,-3.453650544213075,9.384684220497604
882,44.736842105263165,-4.047833431223936,9.144126230158125
883,44.736842105263165,-4.625382902408351,8.86599306373
884,44.736842105263165,-5.183925683105251,8.551427630053462
885,44.736842105263165,-5.721166601221695,8.201722545969561
886,44.736842105263165,-6.234898018587335,7.818314824680299
887,44.736842105263165,-6.723008902613166,7.402779970753157
888,44.736842105263165,-7.183493500977275,6.956825506034865
889,44.736842105263165,-7.6144595836913425,6.4822839530778875
890,44.736842105263165,-8.014136218679566,5.981105304912161
891,44.736842105263165,-8.380881048918404,5.45534901210549
892,44.736842105263165,-8.713187041233892,4.907175520039381
893,44.736842105263165,-9.00968867902419,4.338837391175582
894,44.736842105263165,-9.269167573460216,3.7526700487937448
895,44.736842105263165,-9.490557470106687,3.151082180236209
896,44.736842105263165,-9.672948630390293,2.536545839095078
897,44.736842105263165,-9.815591569910653,1.9115862870137255
898,44.736842105263165,-9.917900138232461,1.278771616845065
899,44.736842105263165,-9.979453927503364,0.6407021998071323
900,44.736842105263165,-10.0,1.2246467991473533e-15
901,47.36842105263158,10.0,0.0
902,47.36842105263158,9.979453927503364,0.6407021998071292
903,47.36842105263158,9.917900138232461,1.27877161684506
904,47.36842105263158,9.815591569910653,1.9115862870137228
905,47.36842105263158,9.672948630390295,2.5365458390950737
906,47.36842105263158,9.490557470106687,3.1510821802362066
907,47.36842105263158,9.269167573460217,3.7526700487937408
908,47.36842105263158,9.009688679024192,4.3388373911755815
909,47.36842105263158,8.713187041233894,4.907175520039378
910,47.36842105263158,8.380881048918408,5.455349012105486
911,47.36842105263158,8.014136218679567,5.981105304912159
912,47.36842105263158,7.614459583691344,6.482283953077884
913,47.36842105263158,7.183493500977276,6.956825506034864
914,47.36842105263158,6.723008902613169,7.402779970753155
915,47.36842105263158,6.2348980185873355,7.818314824680298
916,47.36842105263158,5.721166601221697,8.20172254596956
917,47.36842105263158,5.183925683105252,8.55142763005346
918,47.36842105263158,4.625382902408354,8.86599306373
919,47.36842105263158,4.04783343122394,9.144126230158124
920,47.36842105263158,3.4536505442130783,9.384684220497604
921,47.36842105263158,2.8452758663103266,9.586678530366605
922,47.36842105263158,2.2252093395631443,9.749279121818237
923,47.36842105263158,1.5959989503337932,9.871817834144501
924,47.36842105263158,0.9602302590768188,9.953791129491982
925,47.36842105263158,0.3205157757165533,9.994862162006878
926,47.36842105263158,-0.3205157757165499,9.994862162006878
927,47.36842105263158,-0.9602302590768154,9.953791129491982
928,47.36842105263158,-1.5959989503337897,9.871817834144501
929,47.36842105263158,-2.2252093395631434,9.749279121818237
930,47.36842105263158,-2.8452758663103235,9.586678530366607
931,47.36842105263158,-3.453650544213075,9.384684220497604
932,47.36842105263158,-4.047833431223936,9.144126230158125
933,47.36842105263158,-4.625382902408351,8.86599306373
934,47.36842105263158,-5.183925683105251,8.551427630053462
935,47.36842105263158,-5.721166601221695,8.201722545969561
936,47.36842105263158,-6.234898018587335,7.818314824680299
937,47.36842105263158,-6.723008902613166,7.402779970753157
938,47.36842105263158,-7.183493500977275,6.956825506034865
939,47.36842105263158,-7.6144595836913425,6.4822839530778875
940,47.36842105263158,-8.014136218679566,5.981105304912161
941,47.36842105263158,-8.380881048918404,5.45534901210549
942,47.36842105263158,-8.713187041233892,4.907175520039381
943,47.36842105263158,-9.00968867902419,4.338837391175582
944,47.36842105263158,-9.269167573460216,3.7526700487937448
945,47.36842105263158,-9.490557470106687,3.151082180236209
946,47.36842105263158,-9.672948630390293,2.536545839095078
947,47.36842105263158,-9.815591569910653,1.9115862870137255
948,47.36842105263158,-9.917900138232461,1.278771616845065
949,47.36842105263158,-9.979453927503364,0.6407021998071323
950,47.36842105263158,-10.0,1.2246467991473533e-15
951,50.0,10.0,0.0
952,50.0,9.979453927503364,0.6407021998071292
953,50.0,9.917900138232461,1.27877161684506
954,50.0,9.815591569910653,1.9115862870137228
955,50.0,9.672948630390295,2.5365458390950737
956,50.0,9.490557470106687,3.1510821802362066
957,50.0,9.269167573460217,3.7526700487937408
958,50.0,9.009688679024192,4.3388373911755815
959,50.0,8.713187041233894,4.907175520039378
960,50.0,8.380881048918408,5.455349012105486
961,50.0,8.014136218679567,5.981105304912159
962,50.0,7.614459583691344,6.482283953077884
963,50.0,7.183493500977276,6.956825506034864
964,50.0,6.723008902613169,7.402779970753155
965,50.0,6.2348980185873355,7.818314824680298
966,50.0,5.721166601221697,8.20172254596956
967,50.0,5.183925683105252,8.55142763005346
968,50.0,4.625382902408354,8.86599306373
969,50.0,4.04783343122394,9.144126230158124
970,50.0,3.4536505442130783,9.384684220497604
971,50.0,2.8452758663103266,9.586678530366605
972,50.0,2.2252093395631443,9.749279121818237
973,50.0,1.5959989503337932,9.871817834144501
974,50.0,0.9602302590768188,9.953791129491982
975,50.0,0.3205157757165533,9.994862162006878
976,50.0,-0.3205157757165499,9.994862162006878
977,50.0,-0.9602302590768154,9.953791129491982
978,50.0,-1.5959989503337897,9.871817834144501
979,50.0,-2.2252093395631434,9.749279121818237
980,50.0,-2.8452758663103235,9.586678530366607
981,50.0,-3.453650544213075,9.384684220497604
982,50.0,-4.047833431223936,9.144126230158125
983,50.0,-4.625382902408351,8.86599306373
984,50.0,-5.183925683105251,8.551427630053462
985,50.0,-5.721166601221695,8.201722545969561
986,50.0,-6.234898018587335,7.818314824680299
987,50.0,-6.723008902613166,7.402779970753157
988,50.0,-7.183493500977275,6.956825506034865
989,50.0,-7.6144595836913425,6.4822839530778875
990,50.0,-8.014136218679566,5.981105304912161
991,50.0,-8.380881048918404,5.45534901210549
992,50.0,-8.713187041233892,4.907175520039381
993,50.0,-9.00968867902419,4.338837391175582
994,50.0,-9.269167573460216,3.7526700487937448
995,50.0,-9.490557470106687,3.151082180236209
996,50.0,-9.672948630390293,2.536545839095078
997,50.0,-9.815591569910653,1.9115862870137255
998,50.0,-9.917900138232461,1.278771616845065
999,50.0,-9.979453927503364,0.6407021998071323
1000,50.0,-10.0,1.2246467991473533e-15
