0.0,10.0,0.0
0.0,9.979453927503364,0.6407021998071292
0.0,9.91790013823246,1.27877161684506
0.0,9.815591569910652,1.9115862870137228
0.0,9.672948630390296,2.5365458390950737
0.0,9.490557470106689,3.1510821802362066
0.0,9.269167573460216,3.7526700487937408
0.0,9.009688679024192,4.3388373911755815
0.0,8.713187041233894,4.907175520039378
0.0,8.380881048918408,5.455349012105486
0.0,8.014136218679567,5.981105304912159
0.0,7.614459583691344,6.482283953077884
0.0,7.183493500977276,6.956825506034864
0.0,6.723008902613169,7.402779970753155
0.0,6.234898018587336,7.818314824680298
0.0,5.721166601221697,8.20172254596956
0.0,5.183925683105252,8.55142763005346
0.0,4.625382902408354,8.86599306373
0.0,4.04783343122394,9.144126230158124
0.0,3.4536505442130783,9.384684220497604
0.0,2.8452758663103266,9.586678530366603
0.0,2.2252093395631443,9.749279121818237
0.0,1.5959989503337932,9.8718178341445
0.0,0.9602302590768188,9.953791129491982
0.0,0.3205157757165533,9.994862162006878
0.0,-0.3205157757165499,9.994862162006878
0.0,-0.9602302590768154,9.953791129491982
0.0,-1.5959989503337897,9.8718178341445
0.0,-2.225209339563144,9.749279121818237
0.0,-2.8452758663103235,9.586678530366608
0.0,-3.453650544213075,9.384684220497604
0.0,-4.047833431223936,9.144126230158124
0.0,-4.625382902408351,8.86599306373
0.0,-5.183925683105251,8.551427630053462
0.0,-5.721166601221695,8.201722545969561
0.0,-6.234898018587335,7.818314824680299
0.0,-6.723008902613166,7.402779970753157
0.0,-7.183493500977275,6.956825506034865
0.0,-7.6144595836913425,6.482283953077888
0.0,-8.014136218679566,5.981105304912161
0.0,-8.380881048918404,5.45534901210549
0.0,-8.713187041233892,4.907175520039381
0.0,-9.00968867902419,4.338837391175582
0.0,-9.269167573460216,3.7526700487937448
0.0,-9.490557470106689,3.151082180236209
0.0,-9.672948630390293,2.536545839095078
0.0,-9.815591569910652,1.9115862870137252
0.0,-9.91790013823246,1.278771616845065
0.0,-9.979453927503364,0.6407021998071323
0.0,-10.0,1.2246467991473533e-15
2.631578947368421,10.0,0.0
2.631578947368421,9.979453927503364,0.6407021998071292
2.631578947368421,9.91790013823246,1.27877161684506
2.631578947368421,9.815591569910652,1.9115862870137228
2.631578947368421,9.672948630390296,2.5365458390950737
2.631578947368421,9.490557470106689,3.1510821802362066
2.631578947368421,9.269167573460216,3.7526700487937408
2.631578947368421,9.009688679024192,4.3388373911755815
2.631578947368421,8.713187041233894,4.907175520039378
2.631578947368421,8.380881048918408,5.455349012105486
2.631578947368421,8.014136218679567,5.981105304912159
2.631578947368421,7.614459583691344,6.482283953077884
2.631578947368421,7.183493500977276,6.956825506034864
2.631578947368421,6.723008902613169,7.402779970753155
2.631578947368421,6.234898018587336,7.818314824680298
2.631578947368421,5.721166601221697,8.20172254596956
2.631578947368421,5.183925683105252,8.55142763005346
2.631578947368421,4.625382902408354,8.86599306373
2.631578947368421,4.04783343122394,9.144126230158124
2.631578947368421,3.4536505442130783,9.384684220497604
2.631578947368421,2.8452758663103266,9.586678530366603
2.631578947368421,2.2252093395631443,9.749279121818237
2.631578947368421,1.5959989503337932,9.8718178341445
2.631578947368421,0.9602302590768188,9.953791129491982
2.631578947368421,0.3205157757165533,9.994862162006878
2.631578947368421,-0.3205157757165499,9.994862162006878
2.631578947368421,-0.9602302590768154,9.953791129491982
2.631578947368421,-1.5959989503337897,9.8718178341445
2.631578947368421,-2.225209339563144,9.749279121818237
2.631578947368421,-2.8452758663103235,9.586678530366608
2.631578947368421,-3.453650544213075,9.384684220497604
2.631578947368421,-4.047833431223936,9.144126230158124
2.631578947368421,-4.625382902408351,8.86599306373
2.631578947368421,-5.183925683105251,8.551427630053462
2.631578947368421,-5.721166601221695,8.201722545969561
2.631578947368421,-6.234898018587335,7.818314824680299
2.631578947368421,-6.723008902613166,7.402779970753157
2.631578947368421,-7.183493500977275,6.956825506034865
2.631578947368421,-7.6144595836913425,6.482283953077888
2.631578947368421,-8.014136218679566,5.981105304912161
2.631578947368421,-8.380881048918404,5.45534901210549
2.631578947368421,-8.713187041233892,4.907175520039381
2.631578947368421,-9.00968867902419,4.338837391175582
2.631578947368421,-9.269167573460216,3.7526700487937448
2.631578947368421,-9.490557470106689,3.151082180236209
2.631578947368421,-9.672948630390293,2.536545839095078
2.631578947368421,-9.815591569910652,1.9115862870137252
2.631578947368421,-9.91790013823246,1.278771616845065
2.631578947368421,-9.979453927503364,0.6407021998071323
2.631578947368421,-10.0,1.2246467991473533e-15
5.2631578947368425,10.0,0.0
5.2631578947368425,9.979453927503364,0.6407021998071292
5.2631578947368425,9.91790013823246,1.27877161684506
5.2631578947368425,9.815591569910652,1.9115862870137228
5.2631578947368425,9.672948630390296,2.5365458390950737
5.2631578947368425,9.490557470106689,3.1510821802362066
5.2631578947368425,9.269167573460216,3.7526700487937408
5.2631578947368425,9.009688679024192,4.3388373911755815
5.2631578947368425,8.713187041233894,4.907175520039378
5.2631578947368425,8.380881048918408,5.455349012105486
5.2631578947368425,8.014136218679567,5.981105304912159
5.2631578947368425,7.614459583691344,6.482283953077884
5.2631578947368425,7.183493500977276,6.956825506034864
5.2631578947368425,6.723008902613169,7.402779970753155
5.2631578947368425,6.234898018587336,7.818314824680298
5.2631578947368425,5.721166601221697,8.20172254596956
5.2631578947368425,5.183925683105252,8.55142763005346
5.2631578947368425,4.625382902408354,8.86599306373
5.2631578947368425,4.04783343122394,9.144126230158124
5.2631578947368425,3.4536505442130783,9.384684220497604
5.2631578947368425,2.8452758663103266,9.586678530366603
5.2631578947368425,2.2252093395631443,9.749279121818237
5.2631578947368425,1.5959989503337932,9.8718178341445
5.2631578947368425,0.9602302590768188,9.953791129491982
5.2631578947368425,0.3205157757165533,9.994862162006878
5.2631578947368425,-0.3205157757165499,9.994862162006878
5.2631578947368425,-0.9602302590768154,9.953791129491982
5.2631578947368425,-1.5959989503337897,9.8718178341445
5.2631578947368425,-2.225209339563144,9.749279121818237
5.2631578947368425,-2.8452758663103235,9.586678530366608
5.2631578947368425,-3.453650544213075,9.384684220497604
5.2631578947368425,-4.047833431223936,9.144126230158124
5.2631578947368425,-4.625382902408351,8.86599306373
5.2631578947368425,-5.183925683105251,8.551427630053462
5.2631578947368425,-5.721166601221695,8.201722545969561
5.2631578947368425,-6.234898018587335,7.818314824680299
5.2631578947368425,-6.723008902613166,7.402779970753157
5.2631578947368425,-7.183493500977275,6.956825506034865
5.2631578947368425,-7.6144595836913425,6.482283953077888
5.2631578947368425,-8.014136218679566,5.981105304912161
5.2631578947368425,-8.380881048918404,5.45534901210549
5.2631578947368425,-8.713187041233892,4.907175520039381
5.2631578947368425,-9.00968867902419,4.338837391175582
5.2631578947368425,-9.269167573460216,3.7526700487937448
5.2631578947368425,-9.490557470106689,3.151082180236209
5.2631578947368425,-9.672948630390293,2.536545839095078
5.2631578947368425,-9.815591569910652,1.9115862870137252
5.2631578947368425,-9.91790013823246,1.278771616845065
5.2631578947368425,-9.979453927503364,0.6407021998071323
5.2631578947368425,-10.0,1.2246467991473533e-15
7.894736842105264,10.0,0.0
7.894736842105264,9.979453927503364,0.6407021998071292
7.894736842105264,9.91790013823246,1.27877161684506
7.894736842105264,9.815591569910652,1.9115862870137228
7.894736842105264,9.672948630390296,2.5365458390950737
7.894736842105264,9.490557470106689,3.1510821802362066
7.894736842105264,9.269167573460216,3.7526700487937408
7.894736842105264,9.009688679024192,4.3388373911755815
7.894736842105264,8.713187041233894,4.907175520039378
7.894736842105264,8.380881048918408,5.455349012105486
7.894736842105264,8.014136218679567,5.981105304912159
7.894736842105264,7.614459583691344,6.482283953077884
7.894736842105264,7.183493500977276,6.956825506034864
7.894736842105264,6.723008902613169,7.402779970753155
7.894736842105264,6.234898018587336,7.818314824680298
7.894736842105264,5.721166601221697,8.20172254596956
7.894736842105264,5.183925683105252,8.55142763005346
7.894736842105264,4.625382902408354,8.86599306373
7.894736842105264,4.04783343122394,9.144126230158124
7.894736842105264,3.4536505442130783,9.384684220497604
7.894736842105264,2.8452758663103266,9.586678530366603
7.894736842105264,2.2252093395631443,9.749279121818237
7.894736842105264,1.5959989503337932,9.8718178341445
7.894736842105264,0.9602302590768188,9.953791129491982
7.894736842105264,0.3205157757165533,9.994862162006878
7.894736842105264,-0.3205157757165499,9.994862162006878
7.894736842105264,-0.9602302590768154,9.953791129491982
7.894736842105264,-1.5959989503337897,9.8718178341445
7.894736842105264,-2.225209339563144,9.749279121818237
7.894736842105264,-2.8452758663103235,9.586678530366608
7.894736842105264,-3.453650544213075,9.384684220497604
7.894736842105264,-4.047833431223936,9.144126230158124
7.894736842105264,-4.625382902408351,8.86599306373
7.894736842105264,-5.183925683105251,8.551427630053462
7.894736842105264,-5.721166601221695,8.201722545969561
7.894736842105264,-6.234898018587335,7.818314824680299
7.894736842105264,-6.723008902613166,7.402779970753157
7.894736842105264,-7.183493500977275,6.956825506034865
7.894736842105264,-7.6144595836913425,6.482283953077888
7.894736842105264,-8.014136218679566,5.981105304912161
7.894736842105264,-8.380881048918404,5.45534901210549
7.894736842105264,-8.713187041233892,4.907175520039381
7.894736842105264,-9.00968867902419,4.338837391175582
7.894736842105264,-9.269167573460216,3.7526700487937448
7.894736842105264,-9.490557470106689,3.151082180236209
7.894736842105264,-9.672948630390293,2.536545839095078
7.894736842105264,-9.815591569910652,1.9115862870137252
7.894736842105264,-9.91790013823246,1.278771616845065
7.894736842105264,-9.979453927503364,0.6407021998071323
7.894736842105264,-10.0,1.2246467991473533e-15
10.526315789473683,10.0,0.0
10.526315789473683,9.979453927503364,0.6407021998071292
10.526315789473683,9.91790013823246,1.27877161684506
10.526315789473683,9.815591569910652,1.9115862870137228
10.526315789473683,9.672948630390296,2.5365458390950737
10.526315789473683,9.490557470106689,3.1510821802362066
10.526315789473683,9.269167573460216,3.7526700487937408
10.526315789473683,9.009688679024192,4.3388373911755815
10.526315789473683,8.713187041233894,4.907175520039378
10.526315789473683,8.380881048918408,5.455349012105486
10.526315789473683,8.014136218679567,5.981105304912159
10.526315789473683,7.614459583691344,6.482283953077884
10.526315789473683,7.183493500977276,6.956825506034864
10.526315789473683,6.723008902613169,7.402779970753155
10.526315789473683,6.234898018587336,7.818314824680298
10.526315789473683,5.721166601221697,8.20172254596956
10.526315789473683,5.183925683105252,8.55142763005346
10.526315789473683,4.625382902408354,8.86599306373
10.526315789473683,4.04783343122394,9.144126230158124
10.526315789473683,3.4536505442130783,9.384684220497604
10.526315789473683,2.8452758663103266,9.586678530366603
10.526315789473683,2.2252093395631443,9.749279121818237
10.526315789473683,1.5959989503337932,9.8718178341445
10.526315789473683,0.9602302590768188,9.953791129491982
10.526315789473683,0.3205157757165533,9.994862162006878
10.526315789473683,-0.3205157757165499,9.994862162006878
10.526315789473683,-0.9602302590768154,9.953791129491982
10.526315789473683,-1.5959989503337897,9.8718178341445
10.526315789473683,-2.225209339563144,9.749279121818237
10.526315789473683,-2.8452758663103235,9.586678530366608
10.526315789473683,-3.453650544213075,9.384684220497604
10.526315789473683,-4.047833431223936,9.144126230158124
10.526315789473683,-4.625382902408351,8.86599306373
10.526315789473683,-5.183925683105251,8.551427630053462
10.526315789473683,-5.721166601221695,8.201722545969561
10.526315789473683,-6.234898018587335,7.818314824680299
10.526315789473683,-6.723008902613166,7.402779970753157
10.526315789473683,-7.183493500977275,6.956825506034865
10.526315789473683,-7.6144595836913425,6.482283953077888
10.526315789473683,-8.014136218679566,5.981105304912161
10.526315789473683,-8.380881048918404,5.45534901210549
10.526315789473683,-8.713187041233892,4.907175520039381
10.526315789473683,-9.00968867902419,4.338837391175582
10.526315789473683,-9.269167573460216,3.7526700487937448
10.526315789473683,-9.490557470106689,3.151082180236209
10.526315789473683,-9.672948630390293,2.536545839095078
10.526315789473683,-9.815591569910652,1.9115862870137252
10.526315789473683,-9.91790013823246,1.278771616845065
10.526315789473683,-9.979453927503364,0.6407021998071323
10.526315789473683,-10.0,1.2246467991473533e-15
13.157894736842106,10.0,0.0
13.157894736842106,9.979453927503364,0.6407021998071292
13.157894736842106,9.91790013823246,1.27877161684506
13.157894736842106,9.815591569910652,1.9115862870137228
13.157894736842106,9.672948630390296,2.5365458390950737
13.157894736842106,9.490557470106689,3.1510821802362066
13.157894736842106,9.269167573460216,3.7526700487937408
13.157894736842106,9.009688679024192,4.3388373911755815
13.157894736842106,8.713187041233894,4.907175520039378
13.157894736842106,8.380881048918408,5.455349012105486
13.157894736842106,8.014136218679567,5.981105304912159
13.157894736842106,7.614459583691344,6.482283953077884
13.157894736842106,7.183493500977276,6.956825506034864
13.157894736842106,6.723008902613169,7.402779970753155
13.157894736842106,6.234898018587336,7.818314824680298
13.157894736842106,5.721166601221697,8.20172254596956
13.157894736842106,5.183925683105252,8.55142763005346
13.157894736842106,4.625382902408354,8.86599306373
13.157894736842106,4.04783343122394,9.144126230158124
13.157894736842106,3.4536505442130783,9.384684220497604
13.157894736842106,2.8452758663103266,9.586678530366603
13.157894736842106,2.2252093395631443,9.749279121818237
13.157894736842106,1.5959989503337932,9.8718178341445
13.157894736842106,0.9602302590768188,9.953791129491982
13.157894736842106,0.3205157757165533,9.994862162006878
13.157894736842106,-0.3205157757165499,9.994862162006878
13.157894736842106,-0.9602302590768154,9.953791129491982
13.157894736842106,-1.5959989503337897,9.8718178341445
13.157894736842106,-2.225209339563144,9.749279121818237
13.157894736842106,-2.8452758663103235,9.586678530366608
13.157894736842106,-3.453650544213075,9.384684220497604
13.157894736842106,-4.047833431223936,9.144126230158124
13.157894736842106,-4.625382902408351,8.86599306373
13.157894736842106,-5.183925683105251,8.551427630053462
13.157894736842106,-5.721166601221695,8.201722545969561
13.157894736842106,-6.234898018587335,7.818314824680299
13.157894736842106,-6.723008902613166,7.402779970753157
13.157894736842106,-7.183493500977275,6.956825506034865
13.157894736842106,-7.6144595836913425,6.482283953077888
13.157894736842106,-8.014136218679566,5.981105304912161
13.157894736842106,-8.380881048918404,5.45534901210549
13.157894736842106,-8.713187041233892,4.907175520039381
13.157894736842106,-9.00968867902419,4.338837391175582
13.157894736842106,-9.269167573460216,3.7526700487937448
13.157894736842106,-9.490557470106689,3.151082180236209
13.157894736842106,-9.672948630390293,2.536545839095078
13.157894736842106,-9.815591569910652,1.9115862870137252
13.157894736842106,-9.91790013823246,1.278771616845065
13.157894736842106,-9.979453927503364,0.6407021998071323
13.157894736842106,-10.0,1.2246467991473533e-15
15.789473684210527,10.0,0.0
15.789473684210527,9.979453927503364,0.6407021998071292
15.789473684210527,9.91790013823246,1.27877161684506
15.789473684210527,9.815591569910652,1.9115862870137228
15.789473684210527,9.672948630390296,2.5365458390950737
15.789473684210527,9.490557470106689,3.1510821802362066
15.789473684210527,9.269167573460216,3.7526700487937408
15.789473684210527,9.009688679024192,4.3388373911755815
15.789473684210527,8.713187041233894,4.907175520039378
15.789473684210527,8.380881048918408,5.455349012105486
15.789473684210527,8.014136218679567,5.981105304912159
15.789473684210527,7.614459583691344,6.482283953077884
15.789473684210527,7.183493500977276,6.956825506034864
15.789473684210527,6.723008902613169,7.402779970753155
15.789473684210527,6.234898018587336,7.818314824680298
15.789473684210527,5.721166601221697,8.20172254596956
15.789473684210527,5.183925683105252,8.55142763005346
15.789473684210527,4.625382902408354,8.86599306373
15.789473684210527,4.04783343122394,9.144126230158124
15.789473684210527,3.4536505442130783,9.384684220497604
15.789473684210527,2.8452758663103266,9.586678530366603
15.789473684210527,2.2252093395631443,9.749279121818237
15.789473684210527,1.5959989503337932,9.8718178341445
15.789473684210527,0.9602302590768188,9.953791129491982
15.789473684210527,0.3205157757165533,9.994862162006878
15.789473684210527,-0.3205157757165499,9.994862162006878
15.789473684210527,-0.9602302590768154,9.953791129491982
15.789473684210527,-1.5959989503337897,9.8718178341445
15.789473684210527,-2.225209339563144,9.749279121818237
15.789473684210527,-2.8452758663103235,9.586678530366608
15.789473684210527,-3.453650544213075,9.384684220497604
15.789473684210527,-4.047833431223936,9.144126230158124
15.789473684210527,-4.625382902408351,8.86599306373
15.789473684210527,-5.183925683105251,8.551427630053462
15.789473684210527,-5.721166601221695,8.201722545969561
15.789473684210527,-6.234898018587335,7.818314824680299
15.789473684210527,-6.723008902613166,7.402779970753157
15.789473684210527,-7.183493500977275,6.956825506034865
15.789473684210527,-7.6144595836913425,6.482283953077888
15.789473684210527,-8.014136218679566,5.981105304912161
15.789473684210527,-8.380881048918404,5.45534901210549
15.789473684210527,-8.713187041233892,4.907175520039381
15.789473684210527,-9.00968867902419,4.338837391175582
15.789473684210527,-9.269167573460216,3.7526700487937448
15.789473684210527,-9.490557470106689,3.151082180236209
15.789473684210527,-9.672948630390293,2.536545839095078
15.789473684210527,-9.815591569910652,1.9115862870137252
15.789473684210527,-9.91790013823246,1.278771616845065
15.789473684210527,-9.979453927503364,0.6407021998071323
15.789473684210527,-10.0,1.2246467991473533e-15
18.42105263157895,10.0,0.0
18.42105263157895,9.979453927503364,0.6407021998071292
18.42105263157895,9.91790013823246,1.27877161684506
18.42105263157895,9.815591569910652,1.9115862870137228
18.42105263157895,9.672948630390296,2.5365458390950737
18.42105263157895,9.490557470106689,3.1510821802362066
18.42105263157895,9.269167573460216,3.7526700487937408
18.42105263157895,9.009688679024192,4.3388373911755815
18.42105263157895,8.713187041233894,4.907175520039378
18.42105263157895,8.380881048918408,5.455349012105486
18.42105263157895,8.014136218679567,5.981105304912159
18.42105263157895,7.614459583691344,6.482283953077884
18.42105263157895,7.183493500977276,6.956825506034864
18.42105263157895,6.723008902613169,7.402779970753155
18.42105263157895,6.234898018587336,7.818314824680298
18.42105263157895,5.721166601221697,8.20172254596956
18.42105263157895,5.183925683105252,8.55142763005346
18.42105263157895,4.625382902408354,8.86599306373
18.42105263157895,4.04783343122394,9.144126230158124
18.42105263157895,3.4536505442130783,9.384684220497604
18.42105263157895,2.8452758663103266,9.586678530366603
18.42105263157895,2.2252093395631443,9.749279121818237
18.42105263157895,1.5959989503337932,9.8718178341445
18.42105263157895,0.9602302590768188,9.953791129491982
18.42105263157895,0.3205157757165533,9.994862162006878
18.42105263157895,-0.3205157757165499,9.994862162006878
18.42105263157895,-0.9602302590768154,9.953791129491982
18.42105263157895,-1.5959989503337897,9.8718178341445
18.42105263157895,-2.225209339563144,9.749279121818237
18.42105263157895,-2.8452758663103235,9.586678530366608
18.42105263157895,-3.453650544213075,9.384684220497604
18.42105263157895,-4.047833431223936,9.144126230158124
18.42105263157895,-4.625382902408351,8.86599306373
18.42105263157895,-5.183925683105251,8.551427630053462
18.42105263157895,-5.721166601221695,8.201722545969561
18.42105263157895,-6.234898018587335,7.818314824680299
18.42105263157895,-6.723008902613166,7.402779970753157
18.42105263157895,-7.183493500977275,6.956825506034865
18.42105263157895,-7.6144595836913425,6.482283953077888
18.42105263157895,-8.014136218679566,5.981105304912161
18.42105263157895,-8.380881048918404,5.45534901210549
18.42105263157895,-8.713187041233892,4.907175520039381
18.42105263157895,-9.00968867902419,4.338837391175582
18.42105263157895,-9.269167573460216,3.7526700487937448
18.42105263157895,-9.490557470106689,3.151082180236209
18.42105263157895,-9.672948630390293,2.536545839095078
18.42105263157895,-9.815591569910652,1.9115862870137252
18.42105263157895,-9.91790013823246,1.278771616845065
18.42105263157895,-9.979453927503364,0.6407021998071323
18.42105263157895,-10.0,1.2246467991473533e-15
21.05263157894737,10.0,0.0
21.05263157894737,9.979453927503364,0.6407021998071292
21.05263157894737,9.91790013823246,1.27877161684506
21.05263157894737,9.815591569910652,1.9115862870137228
21.05263157894737,9.672948630390296,2.5365458390950737
21.05263157894737,9.490557470106689,3.1510821802362066
21.05263157894737,9.269167573460216,3.7526700487937408
21.05263157894737,9.009688679024192,4.3388373911755815
21.05263157894737,8.713187041233894,4.907175520039378
21.05263157894737,8.380881048918408,5.455349012105486
21.05263157894737,8.014136218679567,5.981105304912159
21.05263157894737,7.614459583691344,6.482283953077884
21.05263157894737,7.183493500977276,6.956825506034864
21.05263157894737,6.723008902613169,7.402779970753155
21.05263157894737,6.234898018587336,7.818314824680298
21.05263157894737,5.721166601221697,8.20172254596956
21.05263157894737,5.183925683105252,8.55142763005346
21.05263157894737,4.625382902408354,8.86599306373
21.05263157894737,4.04783343122394,9.144126230158124
21.05263157894737,3.4536505442130783,9.384684220497604
21.05263157894737,2.8452758663103266,9.586678530366603
21.05263157894737,2.2252093395631443,9.749279121818237
21.05263157894737,1.5959989503337932,9.8718178341445
21.05263157894737,0.9602302590768188,9.953791129491982
21.05263157894737,0.3205157757165533,9.994862162006878
21.05263157894737,-0.3205157757165499,9.994862162006878
21.05263157894737,-0.9602302590768154,9.953791129491982
21.05263157894737,-1.5959989503337897,9.8718178341445
21.05263157894737,-2.225209339563144,9.749279121818237
21.05263157894737,-2.8452758663103235,9.586678530366608
21.05263157894737,-3.453650544213075,9.384684220497604
21.05263157894737,-4.047833431223936,9.144126230158124
21.05263157894737,-4.625382902408351,8.86599306373
21.05263157894737,-5.183925683105251,8.551427630053462
21.05263157894737,-5.721166601221695,8.201722545969561
21.05263157894737,-6.234898018587335,7.818314824680299
21.05263157894737,-6.723008902613166,7.402779970753157
21.05263157894737,-7.183493500977275,6.956825506034865
21.05263157894737,-7.6144595836913425,6.482283953077888
21.05263157894737,-8.014136218679566,5.981105304912161
21.05263157894737,-8.380881048918404,5.45534901210549
21.05263157894737,-8.713187041233892,4.907175520039381
21.05263157894737,-9.00968867902419,4.338837391175582
21.05263157894737,-9.269167573460216,3.7526700487937448
21.05263157894737,-9.490557470106689,3.151082180236209
21.05263157894737,-9.672948630390293,2.536545839095078
21.05263157894737,-9.815591569910652,1.9115862870137252
21.05263157894737,-9.91790013823246,1.278771616845065
21.05263157894737,-9.979453927503364,0.6407021998071323
21.05263157894737,-10.0,1.2246467991473533e-15
23.68421052631579,10.0,0.0
23.68421052631579,9.979453927503364,0.6407021998071292
23.68421052631579,9.91790013823246,1.27877161684506
23.68421052631579,9.815591569910652,1.9115862870137228
23.68421052631579,9.672948630390296,2.5365458390950737
23.68421052631579,9.490557470106689,3.1510821802362066
23.68421052631579,9.269167573460216,3.7526700487937408
23.68421052631579,9.009688679024192,4.3388373911755815
23.68421052631579,8.713187041233894,4.907175520039378
23.68421052631579,8.380881048918408,5.455349012105486
23.68421052631579,8.014136218679567,5.981105304912159
23.68421052631579,7.614459583691344,6.482283953077884
23.68421052631579,7.183493500977276,6.956825506034864
23.68421052631579,6.723008902613169,7.402779970753155
23.68421052631579,6.234898018587336,7.818314824680298
23.68421052631579,5.721166601221697,8.20172254596956
23.68421052631579,5.183925683105252,8.55142763005346
23.68421052631579,4.625382902408354,8.86599306373
23.68421052631579,4.04783343122394,9.144126230158124
23.68421052631579,3.4536505442130783,9.384684220497604
23.68421052631579,2.8452758663103266,9.586678530366603
23.68421052631579,2.2252093395631443,9.749279121818237
23.68421052631579,1.5959989503337932,9.8718178341445
23.68421052631579,0.9602302590768188,9.953791129491982
23.68421052631579,0.3205157757165533,9.994862162006878
23.68421052631579,-0.3205157757165499,9.994862162006878
23.68421052631579,-0.9602302590768154,9.953791129491982
23.68421052631579,-1.5959989503337897,9.8718178341445
23.68421052631579,-2.225209339563144,9.749279121818237
23.68421052631579,-2.8452758663103235,9.586678530366608
23.68421052631579,-3.453650544213075,9.384684220497604
23.68421052631579,-4.047833431223936,9.144126230158124
23.68421052631579,-4.625382902408351,8.86599306373
23.68421052631579,-5.183925683105251,8.551427630053462
23.68421052631579,-5.721166601221695,8.201722545969561
23.68421052631579,-6.234898018587335,7.818314824680299
23.68421052631579,-6.723008902613166,7.402779970753157
23.68421052631579,-7.183493500977275,6.956825506034865
23.68421052631579,-7.6144595836913425,6.482283953077888
23.68421052631579,-8.014136218679566,5.981105304912161
23.68421052631579,-8.380881048918404,5.45534901210549
23.68421052631579,-8.713187041233892,4.907175520039381
23.68421052631579,-9.00968867902419,4.338837391175582
23.68421052631579,-9.269167573460216,3.7526700487937448
23.68421052631579,-9.490557470106689,3.151082180236209
23.68421052631579,-9.672948630390293,2.536545839095078
23.68421052631579,-9.815591569910652,1.9115862870137252
23.68421052631579,-9.91790013823246,1.278771616845065
23.68421052631579,-9.979453927503364,0.6407021998071323
23.68421052631579,-10.0,1.2246467991473533e-15
26.31578947368421,10.0,0.0
26.31578947368421,9.979453927503364,0.6407021998071292
26.31578947368421,9.91790013823246,1.27877161684506
26.31578947368421,9.815591569910652,1.9115862870137228
26.31578947368421,9.672948630390296,2.5365458390950737
26.31578947368421,9.490557470106689,3.1510821802362066
26.31578947368421,9.269167573460216,3.7526700487937408
26.31578947368421,9.009688679024192,4.3388373911755815
26.31578947368421,8.713187041233894,4.907175520039378
26.31578947368421,8.380881048918408,5.455349012105486
26.31578947368421,8.014136218679567,5.981105304912159
26.31578947368421,7.614459583691344,6.482283953077884
26.31578947368421,7.183493500977276,6.956825506034864
26.31578947368421,6.723008902613169,7.402779970753155
26.31578947368421,6.234898018587336,7.818314824680298
26.31578947368421,5.721166601221697,8.20172254596956
26.31578947368421,5.183925683105252,8.55142763005346
26.31578947368421,4.625382902408354,8.86599306373
26.31578947368421,4.04783343122394,9.144126230158124
26.31578947368421,3.4536505442130783,9.384684220497604
26.31578947368421,2.8452758663103266,9.586678530366603
26.31578947368421,2.2252093395631443,9.749279121818237
26.31578947368421,1.5959989503337932,9.8718178341445
26.31578947368421,0.9602302590768188,9.953791129491982
26.31578947368421,0.3205157757165533,9.994862162006878
26.31578947368421,-0.3205157757165499,9.994862162006878
26.31578947368421,-0.9602302590768154,9.953791129491982
26.31578947368421,-1.5959989503337897,9.8718178341445
26.31578947368421,-2.225209339563144,9.749279121818237
26.31578947368421,-2.8452758663103235,9.586678530366608
26.31578947368421,-3.453650544213075,9.384684220497604
26.31578947368421,-4.047833431223936,9.144126230158124
26.31578947368421,-4.625382902408351,8.86599306373
26.31578947368421,-5.183925683105251,8.551427630053462
26.31578947368421,-5.721166601221695,8.201722545969561
26.31578947368421,-6.234898018587335,7.818314824680299
26.31578947368421,-6.723008902613166,7.402779970753157
26.31578947368421,-7.183493500977275,6.956825506034865
26.31578947368421,-7.6144595836913425,6.482283953077888
26.31578947368421,-8.014136218679566,5.981105304912161
26.31578947368421,-8.380881048918404,5.45534901210549
26.31578947368421,-8.713187041233892,4.907175520039381
26.31578947368421,-9.00968867902419,4.338837391175582
26.31578947368421,-9.269167573460216,3.7526700487937448
26.31578947368421,-9.490557470106689,3.151082180236209
26.31578947368421,-9.672948630390293,2.536545839095078
26.31578947368421,-9.815591569910652,1.9115862870137252
26.31578947368421,-9.91790013823246,1.278771616845065
26.31578947368421,-9.979453927503364,0.6407021998071323
26.31578947368421,-10.0,1.2246467991473533e-15
28.947368421052637,10.0,0.0
28.947368421052637,9.979453927503364,0.6407021998071292
28.947368421052637,9.91790013823246,1.27877161684506
28.947368421052637,9.815591569910652,1.9115862870137228
28.947368421052637,9.672948630390296,2.5365458390950737
28.947368421052637,9.490557470106689,3.1510821802362066
28.947368421052637,9.269167573460216,3.7526700487937408
28.947368421052637,9.009688679024192,4.3388373911755815
28.947368421052637,8.713187041233894,4.907175520039378
28.947368421052637,8.380881048918408,5.455349012105486
28.947368421052637,8.014136218679567,5.981105304912159
28.947368421052637,7.614459583691344,6.482283953077884
28.947368421052637,7.183493500977276,6.956825506034864
28.947368421052637,6.723008902613169,7.402779970753155
28.947368421052637,6.234898018587336,7.818314824680298
28.947368421052637,5.721166601221697,8.20172254596956
28.947368421052637,5.183925683105252,8.55142763005346
28.947368421052637,4.625382902408354,8.86599306373
28.947368421052637,4.04783343122394,9.144126230158124
28.947368421052637,3.4536505442130783,9.384684220497604
28.947368421052637,2.8452758663103266,9.586678530366603
28.947368421052637,2.2252093395631443,9.749279121818237
28.947368421052637,1.5959989503337932,9.8718178341445
28.947368421052637,0.9602302590768188,9.953791129491982
28.947368421052637,0.3205157757165533,9.994862162006878
28.947368421052637,-0.3205157757165499,9.994862162006878
28.947368421052637,-0.9602302590768154,9.953791129491982
28.947368421052637,-1.5959989503337897,9.8718178341445
28.947368421052637,-2.225209339563144,9.749279121818237
28.947368421052637,-2.8452758663103235,9.586678530366608
28.947368421052637,-3.453650544213075,9.384684220497604
28.947368421052637,-4.047833431223936,9.144126230158124
28.947368421052637,-4.625382902408351,8.86599306373
28.947368421052637,-5.183925683105251,8.551427630053462
28.947368421052637,-5.721166601221695,8.201722545969561
28.947368421052637,-6.234898018587335,7.818314824680299
28.947368421052637,-6.723008902613166,7.402779970753157
28.947368421052637,-7.183493500977275,6.956825506034865
28.947368421052637,-7.6144595836913425,6.482283953077888
28.947368421052637,-8.014136218679566,5.981105304912161
28.947368421052637,-8.380881048918404,5.45534901210549
28.947368421052637,-8.713187041233892,4.907175520039381
28.947368421052637,-9.00968867902419,4.338837391175582
28.947368421052637,-9.269167573460216,3.7526700487937448
28.947368421052637,-9.490557470106689,3.151082180236209
28.947368421052637,-9.672948630390293,2.536545839095078
28.947368421052637,-9.815591569910652,1.9115862870137252
28.947368421052637,-9.91790013823246,1.278771616845065
28.947368421052637,-9.979453927503364,0.6407021998071323
28.947368421052637,-10.0,1.2246467991473533e-15
31.57894736842105,10.0,0.0
31.57894736842105,9.979453927503364,0.6407021998071292
31.57894736842105,9.91790013823246,1.27877161684506
31.57894736842105,9.815591569910652,1.9115862870137228
31.57894736842105,9.672948630390296,2.5365458390950737
31.57894736842105,9.490557470106689,3.1510821802362066
31.57894736842105,9.269167573460216,3.7526700487937408
31.57894736842105,9.009688679024192,4.3388373911755815
31.57894736842105,8.713187041233894,4.907175520039378
31.57894736842105,8.380881048918408,5.455349012105486
31.57894736842105,8.014136218679567,5.981105304912159
31.57894736842105,7.614459583691344,6.482283953077884
31.57894736842105,7.183493500977276,6.956825506034864
31.57894736842105,6.723008902613169,7.402779970753155
31.57894736842105,6.234898018587336,7.818314824680298
31.57894736842105,5.721166601221697,8.20172254596956
31.57894736842105,5.183925683105252,8.55142763005346
31.57894736842105,4.625382902408354,8.86599306373
31.57894736842105,4.04783343122394,9.144126230158124
31.57894736842105,3.4536505442130783,9.384684220497604
31.57894736842105,2.8452758663103266,9.586678530366603
31.57894736842105,2.2252093395631443,9.749279121818237
31.57894736842105,1.5959989503337932,9.8718178341445
31.57894736842105,0.9602302590768188,9.953791129491982
31.57894736842105,0.3205157757165533,9.994862162006878
31.57894736842105,-0.3205157757165499,9.994862162006878
31.57894736842105,-0.9602302590768154,9.953791129491982
31.57894736842105,-1.5959989503337897,9.8718178341445
31.57894736842105,-2.225209339563144,9.749279121818237
31.57894736842105,-2.8452758663103235,9.586678530366608
31.57894736842105,-3.453650544213075,9.384684220497604
31.57894736842105,-4.047833431223936,9.144126230158124
31.57894736842105,-4.625382902408351,8.86599306373
31.57894736842105,-5.183925683105251,8.551427630053462
31.57894736842105,-5.721166601221695,8.201722545969561
31.57894736842105,-6.234898018587335,7.818314824680299
31.57894736842105,-6.723008902613166,7.402779970753157
31.57894736842105,-7.183493500977275,6.956825506034865
31.57894736842105,-7.6144595836913425,6.482283953077888
31.57894736842105,-8.014136218679566,5.981105304912161
31.57894736842105,-8.380881048918404,5.45534901210549
31.57894736842105,-8.713187041233892,4.907175520039381
31.57894736842105,-9.00968867902419,4.338837391175582
31.57894736842105,-9.269167573460216,3.7526700487937448
31.57894736842105,-9.490557470106689,3.151082180236209
31.57894736842105,-9.672948630390293,2.536545839095078
31.57894736842105,-9.815591569910652,1.9115862870137252
31.57894736842105,-9.91790013823246,1.278771616845065
31.57894736842105,-9.979453927503364,0.6407021998071323
31.57894736842105,-10.0,1.2246467991473533e-15
34.21052631578948,10.0,0.0
34.21052631578948,9.979453927503364,0.6407021998071292
34.21052631578948,9.91790013823246,1.27877161684506
34.21052631578948,9.815591569910652,1.9115862870137228
34.21052631578948,9.672948630390296,2.5365458390950737
34.21052631578948,9.490557470106689,3.1510821802362066
34.21052631578948,9.269167573460216,3.7526700487937408
34.21052631578948,9.009688679024192,4.3388373911755815
34.21052631578948,8.713187041233894,4.907175520039378
34.21052631578948,8.380881048918408,5.455349012105486
34.21052631578948,8.014136218679567,5.981105304912159
34.21052631578948,7.614459583691344,6.482283953077884
34.21052631578948,7.183493500977276,6.956825506034864
34.21052631578948,6.723008902613169,7.402779970753155
34.21052631578948,6.234898018587336,7.818314824680298
34.21052631578948,5.721166601221697,8.20172254596956
34.21052631578948,5.183925683105252,8.55142763005346
34.21052631578948,4.625382902408354,8.86599306373
34.21052631578948,4.04783343122394,9.144126230158124
34.21052631578948,3.4536505442130783,9.384684220497604
34.21052631578948,2.8452758663103266,9.586678530366603
34.21052631578948,2.2252093395631443,9.749279121818237
34.21052631578948,1.5959989503337932,9.8718178341445
34.21052631578948,0.9602302590768188,9.953791129491982
34.21052631578948,0.3205157757165533,9.994862162006878
34.21052631578948,-0.3205157757165499,9.994862162006878
34.21052631578948,-0.9602302590768154,9.953791129491982
34.21052631578948,-1.5959989503337897,9.8718178341445
34.21052631578948,-2.225209339563144,9.749279121818237
34.21052631578948,-2.8452758663103235,9.586678530366608
34.21052631578948,-3.453650544213075,9.384684220497604
34.21052631578948,-4.047833431223936,9.144126230158124
34.21052631578948,-4.625382902408351,8.86599306373
34.21052631578948,-5.183925683105251,8.551427630053462
34.21052631578948,-5.721166601221695,8.201722545969561
34.21052631578948,-6.234898018587335,7.818314824680299
34.21052631578948,-6.723008902613166,7.402779970753157
34.21052631578948,-7.183493500977275,6.956825506034865
34.21052631578948,-7.6144595836913425,6.482283953077888
34.21052631578948,-8.014136218679566,5.981105304912161
34.21052631578948,-8.380881048918404,5.45534901210549
34.21052631578948,-8.713187041233892,4.907175520039381
34.21052631578948,-9.00968867902419,4.338837391175582
34.21052631578948,-9.269167573460216,3.7526700487937448
34.21052631578948,-9.490557470106689,3.151082180236209
34.21052631578948,-9.672948630390293,2.536545839095078
34.21052631578948,-9.815591569910652,1.9115862870137252
34.21052631578948,-9.91790013823246,1.278771616845065
34.21052631578948,-9.979453927503364,0.6407021998071323
34.21052631578948,-10.0,1.2246467991473533e-15
36.8421052631579,10.0,0.0
36.8421052631579,9.979453927503364,0.6407021998071292
36.8421052631579,9.91790013823246,1.27877161684506
36.8421052631579,9.815591569910652,1.9115862870137228
36.8421052631579,9.672948630390296,2.5365458390950737
36.8421052631579,9.490557470106689,3.1510821802362066
36.8421052631579,9.269167573460216,3.7526700487937408
36.8421052631579,9.009688679024192,4.3388373911755815
36.8421052631579,8.713187041233894,4.907175520039378
36.8421052631579,8.380881048918408,5.455349012105486
36.8421052631579,8.014136218679567,5.981105304912159
36.8421052631579,7.614459583691344,6.482283953077884
36.8421052631579,7.183493500977276,6.956825506034864
36.8421052631579,6.723008902613169,7.402779970753155
36.8421052631579,6.234898018587336,7.818314824680298
36.8421052631579,5.721166601221697,8.20172254596956
36.8421052631579,5.183925683105252,8.55142763005346
36.8421052631579,4.625382902408354,8.86599306373
36.8421052631579,4.04783343122394,9.144126230158124
36.8421052631579,3.4536505442130783,9.384684220497604
36.8421052631579,2.8452758663103266,9.586678530366603
36.8421052631579,2.2252093395631443,9.749279121818237
36.8421052631579,1.5959989503337932,9.8718178341445
36.8421052631579,0.9602302590768188,9.953791129491982
36.8421052631579,0.3205157757165533,9.994862162006878
36.8421052631579,-0.3205157757165499,9.994862162006878
36.8421052631579,-0.9602302590768154,9.953791129491982
36.8421052631579,-1.5959989503337897,9.8718178341445
36.8421052631579,-2.225209339563144,9.749279121818237
36.8421052631579,-2.8452758663103235,9.586678530366608
36.8421052631579,-3.453650544213075,9.384684220497604
36.8421052631579,-4.047833431223936,9.144126230158124
36.8421052631579,-4.625382902408351,8.86599306373
36.8421052631579,-5.183925683105251,8.551427630053462
36.8421052631579,-5.721166601221695,8.201722545969561
36.8421052631579,-6.234898018587335,7.818314824680299
36.8421052631579,-6.723008902613166,7.402779970753157
36.8421052631579,-7.183493500977275,6.956825506034865
36.8421052631579,-7.6144595836913425,6.482283953077888
36.8421052631579,-8.014136218679566,5.981105304912161
36.8421052631579,-8.380881048918404,5.45534901210549
36.8421052631579,-8.713187041233892,4.907175520039381
36.8421052631579,-9.00968867902419,4.338837391175582
36.8421052631579,-9.269167573460216,3.7526700487937448
36.8421052631579,-9.490557470106689,3.151082180236209
36.8421052631579,-9.672948630390293,2.536545839095078
36.8421052631579,-9.815591569910652,1.9115862870137252
36.8421052631579,-9.91790013823246,1.278771616845065
36.8421052631579,-9.979453927503364,0.6407021998071323
36.8421052631579,-10.0,1.2246467991473533e-15
39.47368421052632,10.0,0.0
39.47368421052632,9.979453927503364,0.6407021998071292
39.47368421052632,9.91790013823246,1.27877161684506
39.47368421052632,9.815591569910652,1.9115862870137228
39.47368421052632,9.672948630390296,2.5365458390950737
39.47368421052632,9.490557470106689,3.1510821802362066
39.47368421052632,9.269167573460216,3.7526700487937408
39.47368421052632,9.009688679024192,4.3388373911755815
39.47368421052632,8.713187041233894,4.907175520039378
39.47368421052632,8.380881048918408,5.455349012105486
39.47368421052632,8.014136218679567,5.981105304912159
39.47368421052632,7.614459583691344,6.482283953077884
39.47368421052632,7.183493500977276,6.956825506034864
39.47368421052632,6.723008902613169,7.402779970753155
39.47368421052632,6.234898018587336,7.818314824680298
39.47368421052632,5.721166601221697,8.20172254596956
39.47368421052632,5.183925683105252,8.55142763005346
39.47368421052632,4.625382902408354,8.86599306373
39.47368421052632,4.04783343122394,9.144126230158124
39.47368421052632,3.4536505442130783,9.384684220497604
39.47368421052632,2.8452758663103266,9.586678530366603
39.47368421052632,2.2252093395631443,9.749279121818237
39.47368421052632,1.5959989503337932,9.8718178341445
39.47368421052632,0.9602302590768188,9.953791129491982
39.47368421052632,0.3205157757165533,9.994862162006878
39.47368421052632,-0.3205157757165499,9.994862162006878
39.47368421052632,-0.9602302590768154,9.953791129491982
39.47368421052632,-1.5959989503337897,9.8718178341445
39.47368421052632,-2.225209339563144,9.749279121818237
39.47368421052632,-2.8452758663103235,9.586678530366608
39.47368421052632,-3.453650544213075,9.384684220497604
39.47368421052632,-4.047833431223936,9.144126230158124
39.47368421052632,-4.625382902408351,8.86599306373
39.47368421052632,-5.183925683105251,8.551427630053462
39.47368421052632,-5.721166601221695,8.201722545969561
39.47368421052632,-6.234898018587335,7.818314824680299
39.47368421052632,-6.723008902613166,7.402779970753157
39.47368421052632,-7.183493500977275,6.956825506034865
39.47368421052632,-7.6144595836913425,6.482283953077888
39.47368421052632,-8.014136218679566,5.981105304912161
39.47368421052632,-8.380881048918404,5.45534901210549
39.47368421052632,-8.713187041233892,4.907175520039381
39.47368421052632,-9.00968867902419,4.338837391175582
39.47368421052632,-9.269167573460216,3.7526700487937448
39.47368421052632,-9.490557470106689,3.151082180236209
39.47368421052632,-9.672948630390293,2.536545839095078
39.47368421052632,-9.815591569910652,1.9115862870137252
39.47368421052632,-9.91790013823246,1.278771616845065
39.47368421052632,-9.979453927503364,0.6407021998071323
39.47368421052632,-10.0,1.2246467991473533e-15
42.10526315789474,10.0,0.0
42.10526315789474,9.979453927503364,0.6407021998071292
42.10526315789474,9.91790013823246,1.27877161684506
42.10526315789474,9.815591569910652,1.9115862870137228
42.10526315789474,9.672948630390296,2.5365458390950737
42.10526315789474,9.490557470106689,3.1510821802362066
42.10526315789474,9.269167573460216,3.7526700487937408
42.10526315789474,9.009688679024192,4.3388373911755815
42.10526315789474,8.713187041233894,4.907175520039378
42.10526315789474,8.380881048918408,5.455349012105486
42.10526315789474,8.014136218679567,5.981105304912159
42.10526315789474,7.614459583691344,6.482283953077884
42.10526315789474,7.183493500977276,6.956825506034864
42.10526315789474,6.723008902613169,7.402779970753155
42.10526315789474,6.234898018587336,7.818314824680298
42.10526315789474,5.721166601221697,8.20172254596956
42.10526315789474,5.183925683105252,8.55142763005346
42.10526315789474,4.625382902408354,8.86599306373
42.10526315789474,4.04783343122394,9.144126230158124
42.10526315789474,3.4536505442130783,9.384684220497604
42.10526315789474,2.8452758663103266,9.586678530366603
42.10526315789474,2.2252093395631443,9.749279121818237
42.10526315789474,1.5959989503337932,9.8718178341445
42.10526315789474,0.9602302590768188,9.953791129491982
42.10526315789474,0.3205157757165533,9.994862162006878
42.10526315789474,-0.3205157757165499,9.994862162006878
42.10526315789474,-0.9602302590768154,9.953791129491982
42.10526315789474,-1.5959989503337897,9.8718178341445
42.10526315789474,-2.225209339563144,9.749279121818237
42.10526315789474,-2.8452758663103235,9.586678530366608
42.10526315789474,-3.453650544213075,9.384684220497604
42.10526315789474,-4.047833431223936,9.144126230158124
42.10526315789474,-4.625382902408351,8.86599306373
42.10526315789474,-5.183925683105251,8.551427630053462
42.10526315789474,-5.721166601221695,8.201722545969561
42.10526315789474,-6.234898018587335,7.818314824680299
42.10526315789474,-6.723008902613166,7.402779970753157
42.10526315789474,-7.183493500977275,6.956825506034865
42.10526315789474,-7.6144595836913425,6.482283953077888
42.10526315789474,-8.014136218679566,5.981105304912161
42.10526315789474,-8.380881048918404,5.45534901210549
42.10526315789474,-8.713187041233892,4.907175520039381
42.10526315789474,-9.00968867902419,4.338837391175582
42.10526315789474,-9.269167573460216,3.7526700487937448
42.10526315789474,-9.490557470106689,3.151082180236209
42.10526315789474,-9.672948630390293,2.536545839095078
42.10526315789474,-9.815591569910652,1.9115862870137252
42.10526315789474,-9.91790013823246,1.278771616845065
42.10526315789474,-9.979453927503364,0.6407021998071323
42.10526315789474,-10.0,1.2246467991473533e-15
44.736842105263165,10.0,0.0
44.736842105263165,9.979453927503364,0.6407021998071292
44.736842105263165,9.91790013823246,1.27877161684506
44.736842105263165,9.815591569910652,1.9115862870137228
44.736842105263165,9.672948630390296,2.5365458390950737
44.736842105263165,9.490557470106689,3.1510821802362066
44.736842105263165,9.269167573460216,3.7526700487937408
44.736842105263165,9.009688679024192,4.3388373911755815
44.736842105263165,8.713187041233894,4.907175520039378
44.736842105263165,8.380881048918408,5.455349012105486
44.736842105263165,8.014136218679567,5.981105304912159
44.736842105263165,7.614459583691344,6.482283953077884
44.736842105263165,7.183493500977276,6.956825506034864
44.736842105263165,6.723008902613169,7.402779970753155
44.736842105263165,6.234898018587336,7.818314824680298
44.736842105263165,5.721166601221697,8.20172254596956
44.736842105263165,5.183925683105252,8.55142763005346
44.736842105263165,4.625382902408354,8.86599306373
44.736842105263165,4.04783343122394,9.144126230158124
44.736842105263165,3.4536505442130783,9.384684220497604
44.736842105263165,2.8452758663103266,9.586678530366603
44.736842105263165,2.2252093395631443,9.749279121818237
44.736842105263165,1.5959989503337932,9.8718178341445
44.736842105263165,0.9602302590768188,9.953791129491982
44.736842105263165,0.3205157757165533,9.994862162006878
44.736842105263165,-0.3205157757165499,9.994862162006878
44.736842105263165,-0.9602302590768154,9.953791129491982
44.736842105263165,-1.5959989503337897,9.8718178341445
44.736842105263165,-2.225209339563144,9.749279121818237
44.736842105263165,-2.8452758663103235,9.586678530366608
44.736842105263165,-3.453650544213075,9.384684220497604
44.736842105263165,-4.047833431223936,9.144126230158124
44.736842105263165,-4.625382902408351,8.86599306373
44.736842105263165,-5.183925683105251,8.551427630053462
44.736842105263165,-5.721166601221695,8.201722545969561
44.736842105263165,-6.234898018587335,7.818314824680299
44.736842105263165,-6.723008902613166,7.402779970753157
44.736842105263165,-7.183493500977275,6.956825506034865
44.736842105263165,-7.6144595836913425,6.482283953077888
44.736842105263165,-8.014136218679566,5.981105304912161
44.736842105263165,-8.380881048918404,5.45534901210549
44.736842105263165,-8.713187041233892,4.907175520039381
44.736842105263165,-9.00968867902419,4.338837391175582
44.736842105263165,-9.269167573460216,3.7526700487937448
44.736842105263165,-9.490557470106689,3.151082180236209
44.736842105263165,-9.672948630390293,2.536545839095078
44.736842105263165,-9.815591569910652,1.9115862870137252
44.736842105263165,-9.91790013823246,1.278771616845065
44.736842105263165,-9.979453927503364,0.6407021998071323
44.736842105263165,-10.0,1.2246467991473533e-15
47.36842105263158,10.0,0.0
47.36842105263158,9.979453927503364,0.6407021998071292
47.36842105263158,9.91790013823246,1.27877161684506
47.36842105263158,9.815591569910652,1.9115862870137228
47.36842105263158,9.672948630390296,2.5365458390950737
47.36842105263158,9.490557470106689,3.1510821802362066
47.36842105263158,9.269167573460216,3.7526700487937408
47.36842105263158,9.009688679024192,4.3388373911755815
47.36842105263158,8.713187041233894,4.907175520039378
47.36842105263158,8.380881048918408,5.455349012105486
47.36842105263158,8.014136218679567,5.981105304912159
47.36842105263158,7.614459583691344,6.482283953077884
47.36842105263158,7.183493500977276,6.956825506034864
47.36842105263158,6.723008902613169,7.402779970753155
47.36842105263158,6.234898018587336,7.818314824680298
47.36842105263158,5.721166601221697,8.20172254596956
47.36842105263158,5.183925683105252,8.55142763005346
47.36842105263158,4.625382902408354,8.86599306373
47.36842105263158,4.04783343122394,9.144126230158124
47.36842105263158,3.4536505442130783,9.384684220497604
47.36842105263158,2.8452758663103266,9.586678530366603
47.36842105263158,2.2252093395631443,9.749279121818237
47.36842105263158,1.5959989503337932,9.8718178341445
47.36842105263158,0.9602302590768188,9.953791129491982
47.36842105263158,0.3205157757165533,9.994862162006878
47.36842105263158,-0.3205157757165499,9.994862162006878
47.36842105263158,-0.9602302590768154,9.953791129491982
47.36842105263158,-1.5959989503337897,9.8718178341445
47.36842105263158,-2.225209339563144,9.749279121818237
47.36842105263158,-2.8452758663103235,9.586678530366608
47.36842105263158,-3.453650544213075,9.384684220497604
47.36842105263158,-4.047833431223936,9.144126230158124
47.36842105263158,-4.625382902408351,8.86599306373
47.36842105263158,-5.183925683105251,8.551427630053462
47.36842105263158,-5.721166601221695,8.201722545969561
47.36842105263158,-6.234898018587335,7.818314824680299
47.36842105263158,-6.723008902613166,7.402779970753157
47.36842105263158,-7.183493500977275,6.956825506034865
47.36842105263158,-7.6144595836913425,6.482283953077888
47.36842105263158,-8.014136218679566,5.981105304912161
47.36842105263158,-8.380881048918404,5.45534901210549
47.36842105263158,-8.713187041233892,4.907175520039381
47.36842105263158,-9.00968867902419,4.338837391175582
47.36842105263158,-9.269167573460216,3.7526700487937448
47.36842105263158,-9.490557470106689,3.151082180236209
47.36842105263158,-9.672948630390293,2.536545839095078
47.36842105263158,-9.815591569910652,1.9115862870137252
47.36842105263158,-9.91790013823246,1.278771616845065
47.36842105263158,-9.979453927503364,0.6407021998071323
47.36842105263158,-10.0,1.2246467991473533e-15
50.0,10.0,0.0
50.0,9.979453927503364,0.6407021998071292
50.0,9.91790013823246,1.27877161684506
50.0,9.815591569910652,1.9115862870137228
50.0,9.672948630390296,2.5365458390950737
50.0,9.490557470106689,3.1510821802362066
50.0,9.269167573460216,3.7526700487937408
50.0,9.009688679024192,4.3388373911755815
50.0,8.713187041233894,4.907175520039378
50.0,8.380881048918408,5.455349012105486
50.0,8.014136218679567,5.981105304912159
50.0,7.614459583691344,6.482283953077884
50.0,7.183493500977276,6.956825506034864
50.0,6.723008902613169,7.402779970753155
50.0,6.234898018587336,7.818314824680298
50.0,5.721166601221697,8.20172254596956
50.0,5.183925683105252,8.55142763005346
50.0,4.625382902408354,8.86599306373
50.0,4.04783343122394,9.144126230158124
50.0,3.4536505442130783,9.384684220497604
50.0,2.8452758663103266,9.586678530366603
50.0,2.2252093395631443,9.749279121818237
50.0,1.5959989503337932,9.8718178341445
50.0,0.9602302590768188,9.953791129491982
50.0,0.3205157757165533,9.994862162006878
50.0,-0.3205157757165499,9.994862162006878
50.0,-0.9602302590768154,9.953791129491982
50.0,-1.5959989503337897,9.8718178341445
50.0,-2.225209339563144,9.749279121818237
50.0,-2.8452758663103235,9.586678530366608
50.0,-3.453650544213075,9.384684220497604
50.0,-4.047833431223936,9.144126230158124
50.0,-4.625382902408351,8.86599306373
50.0,-5.183925683105251,8.551427630053462
50.0,-5.721166601221695,8.201722545969561
50.0,-6.234898018587335,7.818314824680299
50.0,-6.723008902613166,7.402779970753157
50.0,-7.183493500977275,6.956825506034865
50.0,-7.6144595836913425,6.482283953077888
50.0,-8.014136218679566,5.981105304912161
50.0,-8.380881048918404,5.45534901210549
50.0,-8.713187041233892,4.907175520039381
50.0,-9.00968867902419,4.338837391175582
50.0,-9.269167573460216,3.7526700487937448
50.0,-9.490557470106689,3.151082180236209
50.0,-9.672948630390293,2.536545839095078
50.0,-9.815591569910652,1.9115862870137252
50.0,-9.91790013823246,1.278771616845065
50.0,-9.979453927503364,0.6407021998071323
50.0,-10.0,1.2246467991473533e-15
